代碼,學校類別,學校名稱,學校名稱.1,是否倒閉,倒閉年,公/私立,公私立碼,體系別,體系碼,縣市名稱,地區,地區碼,106註冊率,107註冊率,108註冊率,109註冊率,110註冊率,111註冊率,112註冊率,113註冊率,備註,114核定招生名額,106師生比,107師生比,108師生比,109師生比,110師生比,111師生比,112師生比,113師生比,106負債率,107負債率,108負債率,109負債率,110負債率,111負債率,112負債率,106學生數,107學生數,108學生數,109學生數,110學生數,111學生數,112學生數,113學生數,106資金增減,107資金增減,108資金增減,109資金增減,110資金增減,111資金增減,112資金增減
1190,-,高鳳數位內容學院,高鳳數位內容學院,0,103.0,私立,1,[2]技職,1,屏東縣,南部,2,,,,,,,,,,,,,,,,,,,,,,,,,,,,,,,,,,,,,,,,
1154,-,永達技術學院,永達技術學院,0,103.0,私立,1,[2]技職,1,高雄市,南部,2,,,,,,,,,,,,,,,,,,,,,,,,,,,,,,,,,,,,,,,,
1288,-,高美醫護管理專科學校,高美醫護管理專科學校,1,107.0,私立,1,[2]技職,1,高雄市,南部,2,47.24,,,,,,,,,,17.89,,,,,,,,11.84,,,,,,,,,,,,,,,-11588.0,,,,,,
1189,-,亞太創意技術學院,亞太創意技術學院,1,108.0,私立,1,[2]技職,1,苗栗縣,中部,1,69.32,,,,,,,,,,7.98,,,,,,,,6.21,,,,,,,343.0,,,,,,,,-39858.0,,,,,,
1074,-,南榮科技大學,南榮科技大學,1,109.0,私立,1,[2]技職,1,臺南市,南部,2,32.17,56.41,,,,,,,,,13.25,9.67,,,,,,,3.22,,,,,,,1176.0,733.0,,,,,,,-41850.0,,,,,,
1176,-,稻江科技暨管理學院,稻江科技暨管理學院,1,110.0,私立,1,[1]一般,0,嘉義縣,南部,2,,,,,,,,,,,24.17,27.02,25.7,8.41,,,,,4.47,3.12,2.11,,,,,1450.0,1540.0,1182.0,143.0,,,,,16360.0,1981.0,-7944.0,,,,
1192,-,臺灣觀光學院,臺灣觀光學院,0,110.0,私立,1,[2]技職,1,花蓮縣,東部,3,29.87,77.96,78.84,39.47,,,,,,,16.55,23.96,20.89,16.4,,,,,4.43,3.11,3.02,,,,,526.0,442.0,289.0,109.0,,,,,-5940.0,-37679.0,-13741.0,,,,
1182,-,蘭陽技術學院,蘭陽技術學院,1,111.0,私立,1,[2]技職,1,宜蘭縣,北部,0,43.89,63.73,80.83,92.37,,,,,108取消一半招生,,12.6,11.81,13.08,10.05,9.7,,,,3.16,3.48,3.42,2.42,0.44,,,562.0,516.0,346.0,226.0,132.0,,,,-21701.0,13831.0,-67.0,3176.0,-56730.0,,
1067,-,台灣首府大學,台灣首府大學,1,112.0,私立,1,[1]一般,0,臺南市,南部,2,53.36,52.82,46.96,44.57,38.18,,,,,,21.26,20.28,17.15,13.91,10.9,6.24,,,1.55,1.96,1.41,1.26,1.53,,,2232.0,1825.0,1269.0,918.0,643.0,256.0,,,-31161.0,-37043.0,-27245.0,-36631.0,4393.0,,
1159,-,和春技術學院,和春技術學院,1,112.0,私立,1,[2]技職,1,高雄市,南部,2,35.48,47.46,58.01,64.34,,,,,,,10.92,8.15,8.78,4.92,3.17,1.78,,,2.39,1.71,1.55,1.31,,,,784.0,413.0,278.0,156.0,77.0,24.0,,,-58994.0,-63895.0,-24484.0,-20599.0,,,
1068,-,中州科技大學,中州科技大學,0,112.0,私立,1,[2]技職,1,彰化縣,中部,1,54.42,53.42,64.48,61.12,63.45,,,,,,17.54,14.59,14.6,11.43,7.13,4.65,,,7.04,8.91,9.38,7.08,7.58,21.11,,2017.0,1517.0,1431.0,937.0,556.0,288.0,,,-13286.0,34017.0,-20776.0,-96962.0,-83492.0,36371.0,
1058,-,明道大學,明道大學,1,113.0,私立,1,[1]一般,0,彰化縣,中部,1,52.49,47.08,61.65,48.88,43.77,39.47,,,,,26.46,24.61,21.23,16.99,14.19,11.79,7.31,,14.38,14.47,13.1,15.17,16.44,,33.55,3440.0,3027.0,2441.0,1903.0,1504.0,967.0,446.0,,-6153.0,-771.0,-55461.0,15663.0,-84351.0,,90152.0
1081,-,東方設計大學,東方設計大學,1,113.0,私立,1,[2]技職,1,高雄市,南部,2,67.27,58.96,60.45,47.84,19.06,26.3,,,,,19.45,21.4,17.59,16.52,14.43,12.7,5.27,,5.71,7.37,8.11,7.76,5.68,6.41,25.74,1564.0,1418.0,1067.0,838.0,609.0,421.0,153.0,,-44373.0,-29869.0,-35032.0,30896.0,-56161.0,-55137.0,43714.0
1188,-,大同技術學院,大同技術學院,1,113.0,私立,1,[2]技職,1,嘉義縣,南部,2,71.73,73.05,46.02,44.94,64.25,,,,,,23.48,19.76,14.77,12.68,10.37,8.62,3.54,,4.95,5.33,3.79,2.79,5.89,9.61,28.11,1323.0,1110.0,792.0,545.0,397.0,178.0,71.0,,-31596.0,21653.0,-29281.0,-24049.0,-13311.0,-10199.0,18164.0
1066,-,環球科技大學,環球科技大學,1,113.0,私立,1,[2]技職,1,雲林縣,中部,1,63.89,66.34,59.17,59.67,60.22,62.8,,,,,21.12,19.87,18.39,18.99,15.72,12.99,7.71,,9.05,8.14,15.95,14.7,14.68,22.3,37.48,3696.0,3159.0,2704.0,2412.0,1855.0,1364.0,709.0,,-166505.0,-43900.0,33897.0,-15345.0,-58079.0,-40636.0,58352.0
1,公立大學,國立政治大學,國立政治大學,0,,公立,0,[1]一般,0,臺北市,北部,0,94.44,95.13,95.0,96.44,96.53,98.44,97.1,97.34,,2062.0,20.38,20.64,19.84,20.06,20.05,20.77,20.91,20.91,27.06,34.01,36.14,36.5,37.4,37.41,37.41,14612.0,14593.0,14603.0,14585.0,14478.0,14857.0,14915.0,15035.0,655226.0,-421693.0,-185608.0,666159.0,-118515.0,475413.0,209004.0
2,,國立清華大學,國立清華大學,0,,公立,0,[1]一般,0,新竹市,北部,0,94.56,95.97,96.43,99.04,100.0,100.0,100.0,100.0,,1963.0,18.87,18.78,18.6,18.68,18.92,19.42,20.0,19.57,27.14,31.23,33.6,34.89,39.32,42.76,42.47,15534.0,15436.0,15385.0,15601.0,16122.0,16647.0,16778.0,16854.0,541643.0,370786.0,-522595.0,133935.0,536544.0,1182074.0,827046.0
3,,國立臺灣大學,國立臺灣大學,0,,公立,0,[1]一般,0,臺北市,北部,0,94.36,94.53,95.17,96.6,100.0,99.9,99.42,99.54,,3452.0,14.85,14.81,15.03,15.03,15.19,15.16,15.61,15.78,32.75,35.09,43.16,44.81,37.98,39.26,39.18,30374.0,30260.0,30382.0,30852.0,31292.0,31799.0,32305.0,32858.0,44594.0,-378001.0,280940.0,1775403.0,2863718.0,-2649242.0,-898698.0
4,,國立臺灣師範大學,國立臺灣師範大學,0,,公立,0,[3]師範,2,臺北市,北部,0,92.89,92.55,93.92,93.63,96.51,96.73,96.92,96.16,,1708.0,16.28,16.14,16.79,16.76,17.03,16.98,17.18,17.39,14.39,16.26,19.39,25.13,30.4,33.15,33.82,13434.0,13540.0,13653.0,13791.0,14030.0,14080.0,14224.0,14291.0,380942.0,-124282.0,72619.0,157674.0,-497274.0,1082311.0,868505.0
5,,國立成功大學,國立成功大學,0,,公立,0,[1]一般,0,臺南市,南部,2,93.34,94.49,95.09,97.3,100.0,100.0,100.0,100.0,,2724.0,15.01,15.01,14.93,15.18,15.71,15.95,19.89,16.75,30.82,33.3,34.14,35.66,36.35,38.35,39.7,19909.0,19890.0,20010.0,20274.0,20869.0,21292.0,21500.0,21778.0,795245.0,-273580.0,187734.0,293055.0,21564.0,802397.0,376172.0
6,,國立中興大學,國立中興大學,0,,公立,0,[1]一般,0,臺中市,中部,1,92.95,93.64,94.38,94.83,98.74,100.0,100.0,97.72,,1903.0,16.1,16.04,15.89,15.97,14.9,14.81,15.02,15.08,21.45,24.2,25.47,26.11,26.78,25.78,26.75,12383.0,12432.0,12411.0,12378.0,12512.0,12838.0,12975.0,13259.0,59735.0,-427464.0,-13720.0,275258.0,-277008.0,335905.0,-194117.0
7,,國立陽明交通大學,國立陽明交通大學,0,,公立,0,[1]一般,0,新竹市,北部,0,94.76,96.25,96.25,98.32,100.0,100.0,100.0,100.0,,1738.0,17.59,17.33,17.62,17.99,16.12,16.35,17.11,17.51,34.72,38.58,38.9,36.05,36.83,38.12,38.21,12699.0,12738.0,13146.0,13582.0,18631.0,18835.0,19491.0,20133.0,267988.0,-9276.0,104393.0,169281.0,-48231.0,1106605.0,155438.0
8,,國立中央大學,國立中央大學,0,,公立,0,[1]一般,0,桃園市,北部,0,93.27,93.43,93.07,96.34,100.0,100.0,100.0,100.0,,1500.0,16.23,16.45,15.83,15.79,15.84,16.97,17.32,17.56,26.56,27.87,28.0,29.17,30.03,30.69,30.08,10599.0,10612.0,10479.0,10563.0,10695.0,10829.0,10981.0,11078.0,140356.0,-40893.0,-243586.0,785.0,44533.0,-124907.0,236502.0
9,,國立中山大學,國立中山大學,0,,公立,0,[1]一般,0,高雄市,南部,2,89.32,89.65,90.35,92.54,96.81,98.93,98.06,94.38,,1144.0,16.58,16.09,15.82,15.41,15.34,15.52,15.14,15.78,29.64,30.75,32.15,36.73,38.12,40.82,41.4,8439.0,8400.0,8495.0,8601.0,8807.0,9201.0,9294.0,9970.0,315054.0,-31536.0,-104082.0,45996.0,347322.0,-158270.0,462941.0
12,,國立臺灣海洋大學,國立臺灣海洋大學,0,,公立,0,[1]一般,0,基隆市,北部,0,86.47,88.12,90.03,89.49,90.69,91.3,92.06,89.05,,1360.0,17.97,18.0,17.78,17.52,17.68,17.87,18.54,18.48,15.42,16.92,17.43,26.17,26.31,27.42,27.39,7422.0,7486.0,7644.0,7707.0,7832.0,7900.0,8029.0,8001.0,103970.0,-15535.0,-186916.0,-44953.0,-11076.0,155246.0,131047.0
13,,國立中正大學,國立中正大學,0,,公立,0,[1]一般,0,嘉義縣,南部,2,91.37,90.45,91.59,92.7,95.15,95.58,95.07,93.81,,1586.0,18.71,18.21,18.49,18.23,18.39,18.93,19.41,18.96,16.45,18.09,16.91,18.68,19.54,19.59,19.23,10142.0,9978.0,9836.0,9716.0,9784.0,9974.0,10072.0,10085.0,176989.0,-814435.0,-250565.0,180974.0,1105.0,430736.0,-590360.0
14,,國立高雄師範大學,國立高雄師範大學,0,,公立,0,[3]師範,2,高雄市,南部,2,90.1,86.17,88.12,89.36,95.48,93.46,92.64,89.65,,841.0,18.33,18.43,18.48,19.34,20.05,20.61,22.05,21.69,10.52,10.54,11.14,11.19,12.12,12.66,13.63,5315.0,5326.0,5359.0,5531.0,5693.0,5834.0,5976.0,5921.0,148234.0,217267.0,-313777.0,107566.0,140132.0,-75108.0,-85121.0
15,,國立彰化師範大學,國立彰化師範大學,0,,公立,0,[3]師範,2,彰化縣,中部,1,94.79,93.94,96.0,95.21,96.42,96.85,96.91,95.78,,1128.0,18.45,18.83,19.35,19.13,18.59,19.62,19.89,20.28,25.41,26.0,26.35,27.55,28.58,29.76,29.14,6882.0,6947.0,7023.0,7041.0,7103.0,7162.0,7240.0,7320.0,151511.0,-476055.0,779945.0,-439866.0,-153791.0,317978.0,-203446.0
16,,(自增)國立陽明大學,國立陽明大學,0,110.0,,0,,0,臺北市,北部,0,85.16,86.83,89.51,95.15,,,,,,,10.55,10.3,10.31,10.81,,,,,29.08,29.73,26.92,,,,,4197.0,4193.0,4186.0,4379.0,,,,,231274.0,-277263.0,50631.0,,,,
17,,國立臺北大學,國立臺北大學,0,,公立,0,[1]一般,0,新北市,北部,0,95.19,96.32,96.52,97.67,97.23,94.92,95.23,94.67,,1340.0,20.21,19.39,19.44,19.31,19.98,20.23,19.44,19.64,8.5,8.58,8.79,10.17,10.36,11.06,12.83,7438.0,7349.0,7387.0,7415.0,7572.0,7667.0,7700.0,7817.0,166395.0,-91251.0,-35572.0,-58788.0,151944.0,4315.0,-52442.0
18,,國立嘉義大學,國立嘉義大學,0,,公立,0,[1]一般,0,嘉義市,南部,2,89.94,90.96,91.54,90.67,93.76,82.45,89.75,86.46,,1901.0,18.22,17.81,17.33,17.28,17.98,18.03,18.49,18.36,10.09,11.47,12.11,13.19,14.48,14.86,15.18,9366.0,9173.0,9009.0,8863.0,8989.0,8745.0,8970.0,8923.0,325000.0,-23654.0,-29063.0,-38257.0,-58053.0,-8148.0,-85315.0
19,,國立高雄大學,國立高雄大學,0,,公立,0,[1]一般,0,高雄市,南部,2,92.07,92.71,93.99,92.81,96.25,94.47,97.26,94.48,,1062.0,20.87,20.83,21.05,21.29,21.93,22.85,23.7,23.59,6.78,7.72,9.3,10.73,11.93,12.04,12.41,4863.0,4937.0,5010.0,5066.0,5220.0,5323.0,5475.0,5473.0,59935.0,-1409.0,37775.0,-38130.0,77305.0,-46544.0,-23187.0
20,,國立東華大學,國立東華大學,0,,公立,0,[1]一般,0,花蓮縣,東部,3,87.02,86.05,89.22,92.31,93.88,87.53,92.38,87.68,,1737.0,19.49,19.72,20.37,20.7,21.25,21.27,21.39,21.01,9.57,10.74,10.92,11.64,11.86,13.57,13.08,9587.0,9407.0,9371.0,9459.0,9688.0,9742.0,9838.0,9726.0,407723.0,-248857.0,30265.0,147410.0,40720.0,-323670.0,-27890.0
21,,國立暨南國際大學,國立暨南國際大學,0,,公立,0,[1]一般,0,南投縣,中部,1,83.03,83.18,87.32,90.24,94.66,92.61,94.68,91.94,,984.0,22.1,21.45,20.67,20.34,21.32,22.3,23.02,23.03,16.46,17.06,18.67,21.65,24.26,24.11,24.87,5924.0,5771.0,5684.0,5554.0,5756.0,5887.0,6030.0,6150.0,117557.0,96896.0,-82348.0,87081.0,-13458.0,-89953.0,109091.0
28,,國立臺北藝術大學,國立臺北藝術大學,0,,公立,0,[1]一般,0,臺北市,北部,0,95.31,93.91,97.44,97.01,97.54,97.81,97.63,97.51,,394.0,18.36,17.81,18.07,17.97,17.16,17.87,17.87,17.58,19.66,18.46,19.32,18.9,18.55,16.82,15.87,2863.0,2831.0,2854.0,2883.0,2799.0,2917.0,2937.0,2948.0,10706.0,93112.0,-6594.0,-119640.0,47378.0,-56988.0,23841.0
29,,國立臺灣藝術大學,國立臺灣藝術大學,0,,公立,0,[1]一般,0,新北市,北部,0,97.8,97.87,97.23,96.19,97.84,96.19,94.93,91.56,,514.0,20.4,19.82,20.96,20.75,19.75,19.52,20.98,20.21,6.51,5.4,5.88,5.75,5.83,5.33,5.16,3304.0,3310.0,3270.0,3217.0,3259.0,3299.0,3357.0,3355.0,122629.0,120101.0,-185920.0,35898.0,139185.0,-343201.0,-54964.0
30,,國立臺東大學,國立臺東大學,0,,公立,0,[1]一般,0,臺東縣,東部,3,84.04,83.98,90.39,92.68,93.59,83.86,90.21,87.58,,870.0,20.32,19.87,19.7,19.83,20.06,19.64,19.32,19.31,3.69,5.15,5.24,5.33,5.22,5.38,5.9,3901.0,3854.0,3881.0,4006.0,4132.0,4104.0,4095.0,4017.0,157415.0,71466.0,-20614.0,-26390.0,52832.0,-47406.0,28937.0
31,,國立宜蘭大學,國立宜蘭大學,0,,公立,0,[1]一般,0,宜蘭縣,北部,0,92.84,92.84,92.25,95.97,97.26,95.75,98.7,95.46,,1049.0,21.18,21.02,20.86,20.66,21.43,21.47,21.18,21.08,11.7,12.07,12.03,12.42,12.39,12.3,11.44,4936.0,4876.0,4818.0,4854.0,4993.0,5024.0,5040.0,4933.0,94502.0,-136857.0,-50189.0,-370988.0,46414.0,-14755.0,-69254.0
32,,國立聯合大學,國立聯合大學,0,,公立,0,[1]一般,0,苗栗縣,中部,1,86.73,89.64,89.66,89.51,93.1,92.14,96.43,89.51,,1494.0,22.48,22.44,22.27,22.49,23.07,23.07,23.39,23.64,5.82,6.23,6.87,7.76,7.86,8.49,8.45,6473.0,6372.0,6348.0,6387.0,6530.0,6553.0,6642.0,6571.0,104533.0,194100.0,85686.0,48856.0,-175921.0,-35043.0,47151.0
35,,國立臺南藝術大學,國立臺南藝術大學,0,,公立,0,[1]一般,0,臺南市,南部,2,90.24,88.3,88.63,93.17,96.36,92.17,93.3,89.52,,200.0,14.59,14.01,14.26,14.28,14.63,15.13,15.53,15.35,3.83,3.13,4.01,3.48,3.59,4.3,5.76,1362.0,1346.0,1389.0,1372.0,1392.0,1430.0,1422.0,1390.0,87267.0,-36626.0,136348.0,30758.0,19652.0,-52598.0,29102.0
36,,國立臺南大學,國立臺南大學,0,,公立,0,[1]一般,0,臺南市,南部,2,89.36,88.06,86.43,91.88,90.41,85.32,93.64,90.95,,927.0,21.06,21.02,21.09,21.58,22.45,22.58,23.24,24.65,12.38,14.22,13.73,13.72,15.14,15.24,18.11,4992.0,4940.0,4894.0,4963.0,5096.0,5057.0,5137.0,5152.0,105644.0,57912.0,8762.0,86771.0,77567.0,21768.0,122849.0
37,,國立臺北教育大學,國立臺北教育大學,0,,公立,0,[3]師範,2,臺北市,北部,0,97.01,91.77,95.27,95.37,97.62,95.22,96.65,95.82,,768.0,21.48,20.75,20.34,20.44,19.96,20.87,21.34,21.15,8.42,9.5,9.36,8.93,9.98,9.51,8.82,4789.0,4877.0,4820.0,4864.0,4890.0,4904.0,4950.0,4949.0,79035.0,-72030.0,78617.0,-81929.0,212869.0,-265742.0,34583.0
39,,國立臺中教育大學,國立臺中教育大學,0,,公立,0,[3]師範,2,臺中市,中部,1,95.51,93.68,94.71,94.69,97.25,89.99,95.51,97.12,,766.0,21.57,20.75,20.61,20.39,20.7,21.11,21.35,21.66,13.02,12.84,11.47,11.14,12.33,13.93,14.96,4293.0,4212.0,4164.0,4139.0,4222.0,4221.0,4334.0,4354.0,132311.0,-118451.0,105215.0,-19557.0,125895.0,73933.0,-95849.0
44,,國立體育大學,國立體育大學,0,,公立,0,[1]一般,0,桃園市,北部,0,94.98,94.9,96.07,93.75,97.0,98.48,94.94,99.38,,350.0,21.39,22.2,22.12,22.26,22.69,24.34,24.52,25.65,5.19,6.0,6.02,8.63,12.07,10.68,10.46,2160.0,2176.0,2234.0,2271.0,2314.0,2410.0,2452.0,2462.0,-150011.0,-17596.0,-18600.0,3049.0,248869.0,-143079.0,-69543.0
48,,國立金門大學,國立金門大學,0,,公立,0,[1]一般,0,金門縣,離島,4,88.19,86.32,92.86,86.5,92.29,83.45,85.06,80.49,,733.0,23.95,23.17,22.85,21.67,22.12,22.4,22.72,20.84,10.95,12.11,13.2,12.79,15.94,15.44,15.1,3569.0,3360.0,3404.0,3186.0,3274.0,3315.0,3272.0,3085.0,50632.0,166996.0,-19333.0,-149028.0,-52586.0,-52244.0,-40740.0
49,,國立臺灣體育運動大學,國立臺灣體育運動大學,0,,公立,0,[1]一般,0,臺中市,中部,1,94.23,97.37,98.37,98.52,97.03,97.91,98.6,94.84,,541.0,25.3,23.27,23.15,21.21,20.79,21.27,21.13,21.11,5.19,4.71,4.39,4.04,3.34,3.97,6.4,2707.0,2630.0,2616.0,2630.0,2619.0,2638.0,2662.0,2639.0,2591.0,41062.0,35536.0,-156815.0,47354.0,65332.0,75841.0
52,,國立屏東大學,國立屏東大學,0,,公立,0,[1]一般,0,屏東縣,南部,2,88.4,90.4,89.68,94.31,94.44,85.93,90.55,88.36,,1458.0,22.95,22.48,21.79,21.54,21.37,21.24,22.08,22.24,6.25,6.05,6.01,6.62,6.91,8.18,8.19,7756.0,7666.0,7538.0,7539.0,7587.0,7496.0,7528.0,7561.0,255916.0,26917.0,50423.0,-88587.0,144720.0,39800.0,-12155.0
3002,,臺北市立大學(政府不提供負債率),臺北市立大學,0,,公立,0,[1]一般,0,臺北市,北部,0,93.67,94.94,96.49,97.37,97.07,96.06,96.09,95.92,,1204.0,20.23,20.17,20.12,21.25,21.47,21.31,21.16,21.16,,,,,,,,6697.0,6738.0,6719.0,6864.0,6913.0,6840.0,6813.0,6813.0,,,,,,,
22,公立技專,國立臺灣科技大學,國立臺灣科技大學,0,,公立,0,[2]技職,1,臺北市,北部,0,96.67,97.0,97.75,98.85,100.0,100.0,100.0,100.0,,,22.34,20.79,19.8,18.6,20.2,20.75,19.62,19.39,22.59,24.7,25.86,28.85,28.94,27.96,26.29,10222.0,10336.0,10476.0,10359.0,10443.0,10812.0,10811.0,11012.0,357517.0,275359.0,-142120.0,63904.0,308727.0,-1978.0,-131338.0
23,,國立雲林科技大學,國立雲林科技大學,0,,公立,0,[2]技職,1,雲林縣,中部,1,88.45,88.86,90.28,90.74,92.41,95.92,94.39,93.54,,,24.57,21.84,21.26,20.91,21.21,21.91,22.49,23.7,14.96,16.41,17.72,18.61,18.07,19.04,19.24,8943.0,8932.0,8844.0,8822.0,8864.0,8985.0,9290.0,9458.0,142276.0,147786.0,166298.0,-9781.0,-151288.0,-27891.0,-186418.0
24,,國立屏東科技大學,國立屏東科技大學,0,,公立,0,[2]技職,1,屏東縣,南部,2,84.16,87.07,88.52,89.76,90.59,90.17,87.14,83.89,,,23.09,22.66,22.67,21.26,22.59,21.3,20.64,19.99,18.75,20.15,20.19,20.03,21.24,21.39,22.75,9191.0,9247.0,9115.0,9036.0,8990.0,9031.0,8937.0,8695.0,131967.0,114383.0,8970.0,-274688.0,76964.0,-115180.0,286017.0
25,,國立臺北科技大學,國立臺北科技大學,0,,公立,0,[2]技職,1,臺北市,北部,0,95.87,96.48,96.38,99.62,100.0,100.0,100.0,100.0,,,20.37,20.5,21.37,22.55,22.38,22.29,21.98,22.32,13.87,15.27,16.24,15.7,15.66,15.44,15.33,9572.0,9581.0,9935.0,10187.0,10198.0,10458.0,10705.0,10799.0,-3812.0,167586.0,297585.0,201361.0,-550382.0,3380.0,-187884.0
33,,國立虎尾科技大學,國立虎尾科技大學,0,,公立,0,[2]技職,1,雲林縣,中部,1,87.17,88.95,91.69,89.63,95.44,93.54,94.24,94.38,,,25.24,24.84,24.69,24.83,25.35,25.91,25.05,26.11,11.05,10.76,13.24,13.46,14.95,16.8,16.89,8304.0,8270.0,8354.0,8443.0,8608.0,8829.0,8912.0,9075.0,140243.0,-46054.0,-39583.0,-10179.0,69499.0,42134.0,-182900.0
42,,國立澎湖科技大學,國立澎湖科技大學,0,,公立,0,[2]技職,1,澎湖縣,離島,4,87.24,84.48,84.23,87.28,78.06,76.67,71.34,65.53,,,21.59,22.48,22.56,21.31,21.39,20.67,17.84,16.21,2.6,2.55,3.33,3.09,2.72,2.88,2.97,2655.0,2685.0,2705.0,2673.0,2670.0,2552.0,2338.0,2065.0,31367.0,88741.0,6743.0,-36114.0,83558.0,187394.0,8129.0
43,,國立勤益科技大學,國立勤益科技大學,0,,公立,0,[2]技職,1,臺中市,中部,1,89.66,92.71,94.18,93.64,96.71,91.95,93.41,87.02,,,25.95,25.51,23.91,23.46,24.26,22.75,23.7,23.65,8.24,9.69,10.27,9.61,12.07,12.75,12.49,7292.0,7322.0,7316.0,7342.0,7618.0,7735.0,7988.0,8229.0,-15857.0,230713.0,-192906.0,24136.0,74943.0,-229829.0,118616.0
46,,國立臺北護理健康大學,國立臺北護理健康大學,0,,公立,0,[2]技職,1,臺北市,北部,0,96.84,96.23,96.1,96.65,95.72,94.78,95.8,92.29,,,23.95,23.03,22.11,21.36,20.85,20.68,20.68,19.03,5.29,8.44,6.87,10.18,11.92,8.35,7.89,4168.0,4330.0,4311.0,4421.0,4421.0,4384.0,4385.0,4377.0,119624.0,69601.0,-22846.0,110552.0,-241054.0,183825.0,153171.0
47,,國立高雄餐旅大學,國立高雄餐旅大學,0,,公立,0,[2]技職,1,高雄市,南部,2,92.73,94.61,90.33,87.83,89.09,86.32,81.01,78.78,,,24.85,22.93,22.51,21.9,21.68,21.81,21.34,20.45,12.0,11.59,6.77,6.26,6.65,6.4,6.75,3449.0,3447.0,3396.0,3343.0,3306.0,3195.0,3057.0,2941.0,150594.0,14481.0,-77138.0,-15070.0,37051.0,36106.0,20672.0
50,,國立臺中科技大學,國立臺中科技大學,0,,公立,0,[2]技職,1,臺中市,中部,1,96.22,96.34,95.62,97.01,95.36,94.23,94.57,90.55,,,26.69,25.93,25.1,25.31,26.06,25.39,24.49,25.48,3.47,3.31,2.96,3.3,3.27,3.07,3.09,7227.0,7301.0,7189.0,7156.0,7200.0,7298.0,7391.0,7548.0,370816.0,-35116.0,-21273.0,-260940.0,125386.0,-297728.0,508966.0
51,,國立臺北商業大學,國立臺北商業大學,0,,公立,0,[2]技職,1,臺北市,北部,0,96.92,97.9,97.93,100.0,97.34,96.0,92.28,90.54,,,24.92,24.68,24.72,23.5,23.37,22.49,21.24,21.53,2.8,4.24,4.58,3.6,3.68,3.06,3.63,3272.0,3383.0,3486.0,3442.0,3415.0,3350.0,3268.0,3268.0,512720.0,103816.0,35007.0,-137804.0,-854.0,-29087.0,35287.0
53,,國立高雄科技大學,國立高雄科技大學,0,,公立,0,[2]技職,1,高雄市,南部,2,,93.41,90.97,89.54,91.76,90.62,89.08,88.56,,,,24.89,24.51,24.73,25.46,26.2,25.58,25.19,,13.94,15.38,16.36,19.24,20.87,20.39,,20863.0,20647.0,20630.0,21043.0,21115.0,21097.0,20907.0,,-93011.0,698005.0,570846.0,548996.0,402819.0,-876936.0
144,,國立臺灣戲曲學院,國立臺灣戲曲學院,0,,公立,0,[2]技職,1,臺北市,北部,0,98.61,97.99,98.64,97.92,91.78,90.97,84.72,73.47,,,16.32,16.23,18.0,17.06,15.4,16.65,13.92,11.51,9.1,7.34,5.36,4.45,4.67,4.72,4.02,555.0,568.0,576.0,546.0,539.0,516.0,501.0,449.0,48286.0,62694.0,79556.0,-82408.0,103838.0,167.0,82501.0
221,,國立臺南護理專科學校,國立臺南護理專科學校,0,,公立,0,[2]技職,1,臺南市,南部,2,96.16,96.63,92.41,96.01,90.89,98.34,94.8,94.58,,,22.28,21.65,21.27,20.83,20.68,19.42,19.65,19.31,1.22,1.28,2.35,1.96,1.74,2.91,2.75,97.0,110.0,117.0,115.0,99.0,77.0,67.0,43.0,38240.0,29485.0,35487.0,24965.0,-16711.0,-10441.0,-3864.0
222,,國立臺東專科學校,國立臺東專科學校,0,,公立,0,[2]技職,1,臺東縣,東部,3,65.68,65.6,66.55,71.97,60.79,47.29,51.3,36.54,,,18.22,16.44,14.97,13.67,13.11,10.8,10.15,9.07,2.37,3.09,2.9,2.85,2.99,2.61,2.16,579.0,581.0,589.0,595.0,573.0,438.0,412.0,358.0,-69394.0,5572.0,36414.0,-111561.0,-57292.0,7016.0,30501.0
1001,私立大學,東海大學,東海大學,0,,私立,1,[1]一般,0,臺中市,中部,1,89.06,90.18,92.03,92.98,94.08,81.29,94.08,93.17,,3006.0,28.4,27.13,26.02,25.84,26.53,25.57,27.61,27.69,7.74,8.07,7.34,6.89,7.64,9.02,12.21,15136.0,14756.0,14491.0,14498.0,14700.0,14215.0,14579.0,14563.0,145273.0,113019.0,-653964.0,-289276.0,55713.0,-201138.0,347334.0
1002,,輔仁大學,輔仁大學,0,,私立,1,[1]一般,0,新北市,北部,0,91.19,91.13,92.19,91.78,94.43,87.3,89.15,94.76,,4080.0,29.83,27.69,27.61,27.49,27.56,28.29,28.43,28.83,28.35,32.08,33.3,34.16,33.12,32.33,33.31,20734.0,20266.0,19965.0,19959.0,20147.0,20339.0,20415.0,20496.0,-1140228.0,-4273.0,82058.0,109250.0,514297.0,-27191.0,636316.0
1003,,東吳大學,東吳大學,0,,私立,1,[1]一般,0,臺北市,北部,0,93.45,92.74,95.17,94.23,93.76,87.2,91.31,94.94,,2759.0,31.35,30.36,29.96,30.63,30.85,31.07,32.12,32.63,7.81,8.16,6.97,8.11,7.86,7.36,11.29,13576.0,13419.0,13184.0,13172.0,13295.0,13234.0,13329.0,13247.0,137656.0,-183954.0,-167092.0,-76205.0,79932.0,134391.0,477936.0
1004,,中原大學,中原大學,0,,私立,1,[1]一般,0,桃園市,北部,0,93.42,93.5,94.96,96.82,99.15,97.36,97.58,97.4,,3006.0,32.25,30.89,31.18,31.46,31.31,31.09,30.85,30.07,7.24,6.76,5.54,5.82,5.48,5.32,8.58,15480.0,15320.0,15374.0,15510.0,15623.0,15702.0,15732.0,15576.0,51733.0,-3080.0,-257965.0,-93253.0,151173.0,143490.0,676205.0
1005,,淡江大學,淡江大學學校財團法人淡江大學,0,,私立,1,[1]一般,0,新北市,北部,0,83.94,84.69,89.42,93.19,94.29,79.27,87.6,93.83,,4145.0,30.57,30.75,31.09,30.75,30.55,28.87,31.0,31.37,17.77,17.16,16.47,16.6,16.29,15.92,18.4,23204.0,22694.0,22357.0,22205.0,22665.0,21656.0,21236.0,21051.0,57486.0,79088.0,90050.0,275425.0,394194.0,2061.0,594864.0
1006,,中國文化大學,中國文化大學,0,,私立,1,[1]一般,0,臺北市,北部,0,85.86,86.28,89.26,87.78,85.83,58.59,66.12,78.73,,3200.0,31.95,31.59,31.17,31.96,32.16,30.35,28.96,28.31,3.61,3.38,3.03,4.46,3.28,3.95,6.25,23484.0,22969.0,22565.0,22501.0,22290.0,20210.0,17987.0,16192.0,43624.0,-29632.0,74521.0,138216.0,46705.0,-14720.0,309691.0
1007,,逢甲大學,逢甲大學,0,,私立,1,[1]一般,0,臺中市,中部,1,92.96,93.38,92.48,96.21,99.79,96.46,96.84,97.29,,3850.0,29.45,28.88,29.5,28.81,29.51,30.16,29.98,30.21,29.51,27.77,29.41,27.12,26.13,26.28,26.83,19111.0,18860.0,18674.0,19127.0,19385.0,19450.0,19490.0,19548.0,-1884128.0,501761.0,339528.0,123806.0,-7323.0,758423.0,933847.0
1008,,靜宜大學,靜宜大學,0,,私立,1,[1]一般,0,臺中市,中部,1,92.89,93.38,93.24,95.18,94.35,79.3,81.12,94.09,,2103.0,32.59,31.5,30.21,30.53,31.66,31.59,31.86,32.23,4.12,3.63,5.41,5.17,5.82,5.6,9.38,11959.0,11781.0,11691.0,11694.0,11840.0,11372.0,10611.0,10184.0,57999.0,-76728.0,-428796.0,-137873.0,-1717.0,129396.0,253365.0
1009,,長庚大學,長庚大學,0,,私立,1,[1]一般,0,桃園市,北部,0,84.97,84.36,88.34,92.03,94.73,94.52,95.15,92.5,,1197.0,11.73,11.69,11.43,11.61,11.39,11.69,11.43,11.56,1.11,1.25,1.19,1.0,1.51,1.27,2.0,6989.0,6853.0,6641.0,6630.0,6741.0,6804.0,6925.0,7062.0,659727.0,514622.0,84964.0,-343514.0,-856941.0,2539441.0,-2441033.0
1010,,元智大學,元智大學,0,,私立,1,[1]一般,0,桃園市,北部,0,81.67,88.4,90.0,93.43,97.45,82.24,90.15,95.73,,1678.0,27.34,26.4,26.84,27.09,27.69,27.27,27.64,29.66,2.01,2.1,2.2,2.14,2.3,2.3,2.99,8449.0,8238.0,8078.0,8153.0,8196.0,8072.0,8238.0,8602.0,45429.0,-51543.0,47560.0,37916.0,47548.0,77680.0,162791.0
1011,,中華大學,中華大學學校財團法人中華大學,0,,私立,1,[1]一般,0,新竹市,北部,0,68.03,81.08,77.41,69.64,76.27,64.92,54.59,67.26,,808.0,23.81,24.03,22.17,20.5,21.61,20.43,20.88,18.54,8.22,6.56,6.83,7.35,6.27,6.06,6.53,6072.0,5624.0,4922.0,4429.0,4474.0,3922.0,3445.0,3022.0,-57456.0,274290.0,-130812.0,27724.0,-6118.0,13786.0,-16096.0
1012,,大葉大學,大葉大學,0,,私立,1,[1]一般,0,彰化縣,中部,1,63.94,72.68,76.88,75.64,69.91,58.07,47.87,56.35,,1016.0,28.06,28.1,26.55,23.46,21.64,18.84,16.15,14.36,6.21,6.17,6.02,5.44,4.93,4.78,6.44,9429.0,8823.0,7858.0,6826.0,6145.0,5218.0,4167.0,3346.0,103951.0,74800.0,55477.0,31908.0,-61291.0,-71195.0,-45029.0
1013,,華梵大學,華梵大學,0,,私立,1,[1]一般,0,新北市,北部,0,32.43,56.18,64.11,73.76,74.03,72.02,77.92,73.61,,235.0,20.04,18.12,16.48,13.07,13.04,11.87,11.82,13.55,1.77,1.55,1.57,3.07,2.1,3.04,3.09,2184.0,1721.0,1351.0,993.0,900.0,807.0,792.0,840.0,-52483.0,-80301.0,25577.0,-31937.0,-54185.0,-110829.0,106625.0
1014,,義守大學,義守大學,0,,私立,1,[1]一般,0,高雄市,南部,2,81.28,87.56,89.45,86.49,83.9,64.97,71.27,80.71,,2126.0,27.75,26.09,23.89,23.43,23.64,23.09,22.29,22.61,7.74,7.76,7.4,6.75,6.8,6.38,9.76,13432.0,13095.0,12780.0,12627.0,12576.0,11707.0,10675.0,9948.0,150073.0,306572.0,66368.0,83554.0,-42031.0,38488.0,529410.0
1015,,世新大學,世新大學,0,,私立,1,[1]一般,0,臺北市,北部,0,90.44,93.9,94.5,92.95,97.72,83.83,95.48,96.09,,2131.0,32.45,30.89,30.71,29.26,30.32,30.14,32.45,32.32,3.33,3.42,1.98,3.06,2.8,2.14,4.47,10579.0,10380.0,10195.0,10096.0,10186.0,9644.0,9704.0,9793.0,-5089.0,16332.0,83152.0,100015.0,-68277.0,111980.0,182648.0
1016,,銘傳大學,銘傳大學,0,,私立,1,[1]一般,0,臺北市,北部,0,93.13,92.17,92.01,93.73,94.74,83.16,86.36,94.74,,3432.0,31.1,31.67,31.66,31.47,32.77,31.49,31.81,31.61,3.73,3.04,2.95,4.31,3.51,3.75,8.34,18320.0,18147.0,17985.0,17842.0,18189.0,17511.0,16796.0,16629.0,122816.0,126282.0,27703.0,259228.0,179606.0,169787.0,584020.0
1017,,實踐大學,實踐大學,0,,私立,1,[1]一般,0,臺北市,北部,0,80.09,89.48,89.76,90.66,82.53,67.97,67.66,77.35,,2596.0,30.55,31.44,31.84,32.78,33.94,32.33,31.24,31.73,9.02,7.48,7.47,7.22,7.53,8.01,9.59,12158.0,11663.0,11302.0,11114.0,10997.0,10280.0,9466.0,9201.0,213274.0,114166.0,4283.0,-58456.0,164167.0,191853.0,383164.0
1019,,高雄醫學大學,高雄醫學大學,0,,私立,1,[1]一般,0,高雄市,南部,2,89.1,88.26,88.78,91.1,92.18,93.06,90.3,90.68,,1280.0,11.86,11.71,11.2,11.51,11.81,11.89,12.17,12.61,4.12,2.5,2.58,2.05,2.53,1.86,2.41,6606.0,6532.0,6249.0,6263.0,6320.0,6288.0,6400.0,6456.0,822904.0,238005.0,-330098.0,-279975.0,135948.0,-145095.0,283951.0
1020,,南華大學,南華大學,0,,私立,1,[1]一般,0,嘉義縣,南部,2,87.15,94.39,95.43,97.23,96.55,90.43,91.51,88.88,,968.0,22.62,25.52,24.1,25.95,24.64,23.29,23.64,22.9,3.91,4.34,2.74,2.76,2.68,2.77,5.54,4908.0,5181.0,4964.0,4982.0,4805.0,4495.0,4231.0,4054.0,38414.0,32988.0,15401.0,105341.0,40430.0,-16198.0,192931.0
1021,,真理大學,真理大學,0,,私立,1,[1]一般,0,新北市,北部,0,63.36,82.61,84.58,83.92,65.08,46.27,25.73,30.49,,1028.0,23.12,22.34,21.44,22.27,22.13,20.18,16.6,13.61,15.07,13.76,12.11,11.15,11.49,16.78,25.11,6473.0,5965.0,5466.0,5190.0,4979.0,4299.0,3270.0,2314.0,-8000.0,13440.0,-38172.0,867.0,41097.0,117170.0,92504.0
1022,,大同大學,大同大學,0,,私立,1,[1]一般,0,臺北市,北部,0,85.25,88.43,85.92,85.32,90.06,72.93,89.42,92.13,,775.0,25.52,26.32,26.47,27.15,27.43,27.38,27.81,29.3,1.8,2.18,1.44,1.12,1.04,0.9,1.82,4210.0,4158.0,3970.0,3883.0,3840.0,3669.0,3476.0,3370.0,100814.0,86073.0,45483.0,104543.0,257162.0,434699.0,301501.0
1027,,慈濟大學,慈濟學校財團法人慈濟大學,0,,私立,1,[1]一般,0,花蓮縣,東部,3,77.68,84.09,83.69,86.94,80.79,61.25,76.79,72.13,,860.0,13.64,14.19,14.19,14.09,14.35,12.93,11.8,14.08,2.3,1.99,1.57,1.17,1.48,1.67,2.61,3423.0,3405.0,3334.0,3354.0,3329.0,3038.0,2809.0,3887.0,25382.0,593835.0,183153.0,95107.0,212772.0,143780.0,407763.0
1028,,臺北醫學大學,臺北醫學大學,0,,私立,1,[1]一般,0,臺北市,北部,0,92.67,93.96,94.77,96.22,97.64,95.97,93.65,94.66,,952.0,9.52,9.53,8.71,8.52,8.56,8.4,8.26,8.22,28.36,27.32,29.44,30.92,29.07,30.25,30.7,5852.0,5872.0,5659.0,5686.0,5823.0,5854.0,5842.0,5907.0,450461.0,-16845.0,-135641.0,158538.0,-131586.0,438924.0,-232122.0
1029,,中山醫學大學,中山醫學大學,0,,私立,1,[1]一般,0,臺中市,中部,1,89.27,89.37,91.26,90.84,94.97,83.27,93.41,93.19,,1497.0,17.37,16.46,16.28,16.21,16.5,16.71,16.83,16.81,34.76,35.48,32.96,32.64,28.52,25.3,23.05,6930.0,6782.0,6595.0,6547.0,6765.0,6701.0,6818.0,6893.0,12618.0,58475.0,-70243.0,57862.0,316164.0,-16121.0,232888.0
1033,,長榮大學,長榮大學,0,,私立,1,[1]一般,0,臺南市,南部,2,66.36,78.98,89.66,82.77,71.22,53.35,56.8,69.3,,1264.0,25.86,25.83,24.73,24.12,23.49,21.42,19.77,17.09,4.49,3.57,3.55,3.69,4.31,3.75,9.34,9050.0,8626.0,7938.0,7741.0,7422.0,6427.0,5377.0,4495.0,32159.0,-31159.0,-76745.0,-62313.0,-102912.0,-189710.0,76600.0
1035,,中國醫藥大學,中國醫藥大學,0,,私立,1,[1]一般,0,臺中市,中部,1,89.55,91.65,91.18,93.31,92.57,94.22,92.18,94.37,,1298.0,15.14,14.77,13.97,13.64,13.82,14.18,14.06,14.61,4.79,5.42,5.31,4.86,5.16,3.92,3.36,7328.0,7313.0,7109.0,7108.0,7157.0,7217.0,7268.0,7407.0,140194.0,-120142.0,141263.0,-38078.0,418443.0,-188691.0,82756.0
1039,,玄奘大學,玄奘大學,0,,私立,1,[1]一般,0,新竹市,北部,0,47.95,54.58,65.96,80.75,72.34,61.77,48.6,58.48,,314.0,26.25,28.41,24.19,19.77,17.54,16.37,13.66,11.58,4.19,3.24,2.94,3.33,2.65,4.02,5.64,3701.0,3154.0,2588.0,2194.0,1877.0,1637.0,1366.0,1158.0,47432.0,-1711.0,-3861.0,15024.0,-24225.0,-98033.0,11512.0
1048,,亞洲大學,亞洲大學,0,,私立,1,[1]一般,0,臺中市,中部,1,90.63,93.23,94.27,90.86,91.34,79.22,90.2,90.93,,2286.0,26.75,27.1,25.86,26.11,26.7,26.72,27.59,26.64,20.2,13.67,5.33,5.39,4.8,6.23,6.05,10675.0,10408.0,10371.0,10260.0,10281.0,9940.0,9988.0,10098.0,-9792.0,193088.0,170738.0,348594.0,376984.0,328370.0,565228.0
1049,,開南大學,開南大學,0,,私立,1,[1]一般,0,桃園市,北部,0,56.11,74.52,88.72,89.31,76.1,72.44,71.14,80.48,,797.0,22.93,23.82,21.42,21.27,21.11,20.57,17.99,22.37,11.28,10.13,3.07,3.33,3.13,2.7,4.59,5848.0,5359.0,4520.0,4254.0,3864.0,3477.0,2915.0,3289.0,73730.0,33606.0,-244822.0,40760.0,55079.0,15364.0,78226.0
1050,,佛光大學,佛光大學,0,,私立,1,[1]一般,0,宜蘭縣,北部,0,79.9,82.35,86.85,84.87,78.85,71.21,64.88,65.45,,690.0,20.65,20.35,20.46,20.22,19.31,19.39,18.46,17.62,3.86,3.64,5.72,6.68,6.79,6.68,7.89,3635.0,3521.0,3396.0,3336.0,3129.0,2966.0,2658.0,2414.0,19153.0,-6304.0,99427.0,50543.0,185521.0,8624.0,100813.0
1079,,康寧大學,康寧學校財團法人康寧大學,0,,私立,1,[1]一般,0,臺北市,北部,0,78.04,63.62,73.07,94.18,84.42,86.58,90.25,87.14,,53.0,24.61,29.24,25.85,25.43,25.87,27.12,28.61,29.84,3.85,1.84,2.18,1.3,2.37,1.25,2.84,1098.0,704.0,392.0,294.0,244.0,185.0,156.0,137.0,12352.0,-38565.0,-17009.0,-19534.0,95446.0,-32876.0,184092.0
1125,,中信金融管理學院,中信學校財團法人中信金融管理學院,0,,私立,1,[1]一般,0,臺南市,南部,2,100.0,100.0,100.0,94.2,100.0,85.76,93.08,93.37,,220.0,12.71,13.77,14.08,14.47,13.36,15.49,16.3,15.78,9.41,8.72,5.29,4.25,4.94,4.42,4.79,483.0,661.0,718.0,796.0,882.0,883.0,913.0,868.0,-20602.0,-15145.0,-49697.0,6091.0,-8440.0,48559.0,-52152.0
1195,,馬偕醫學院,馬偕學校財團法人馬偕醫學院,0,,私立,1,[1]一般,0,新北市,北部,0,90.34,89.36,81.91,92.94,87.18,76.67,93.87,90.17,,250.0,6.47,5.66,5.39,6.0,6.12,5.98,6.13,6.54,2.15,2.0,2.1,1.86,1.57,1.99,2.75,666.0,708.0,684.0,762.0,795.0,777.0,822.0,896.0,122440.0,311865.0,34783.0,126293.0,132911.0,126302.0,176716.0
1196,,法鼓文理學院,法鼓學校財團法人法鼓文理學院,0,,私立,1,[1]一般,0,新北市,北部,0,72.92,68.52,80.19,68.27,77.98,80.95,89.74,89.74,,10.0,13.35,12.17,11.73,12.58,13.16,15.36,12.96,13.46,3.38,3.66,2.94,3.08,3.34,4.03,7.3,267.0,280.0,305.0,302.0,329.0,338.0,324.0,323.0,11490.0,24248.0,6217.0,13202.0,20839.0,30391.0,33580.0
1018,私立技專,朝陽科技大學,朝陽科技大學,0,,私立,1,[2]技職,1,臺中市,中部,1,87.61,90.59,92.0,89.07,88.87,90.23,90.93,94.67,,,30.68,30.41,30.81,31.11,31.72,30.5,30.14,30.75,5.85,5.59,6.09,6.82,6.53,5.57,8.97,12212.0,12194.0,12108.0,12227.0,12245.0,11895.0,11814.0,11991.0,284395.0,92651.0,-98556.0,254124.0,273715.0,230494.0,170912.0
1023,,南臺科技大學,南臺學校財團法人南臺科技大學,0,,私立,1,[2]技職,1,臺南市,南部,2,77.4,84.94,89.44,78.75,82.3,76.56,78.81,82.4,,,25.22,25.07,25.96,25.1,26.14,25.35,25.03,25.76,4.45,4.54,3.54,4.76,5.05,2.31,6.47,14150.0,13821.0,13789.0,13530.0,13249.0,12538.0,11740.0,11567.0,-75985.0,81806.0,65043.0,277653.0,283397.0,57798.0,478262.0
1024,,崑山科技大學,崑山科技大學,0,,私立,1,[2]技職,1,臺南市,南部,2,69.79,70.14,70.29,63.62,77.74,73.31,66.12,73.0,,,23.81,24.36,24.54,24.12,24.69,24.73,23.57,24.72,12.3,12.62,12.05,12.95,13.03,12.03,14.76,8500.0,8184.0,7974.0,7406.0,7136.0,6702.0,6105.0,6081.0,51245.0,64156.0,15863.0,174786.0,74445.0,-137961.0,168471.0
1025,,嘉南藥理大學,嘉藥學校財團法人嘉南藥理大學,0,,私立,1,[2]技職,1,臺南市,南部,2,64.9,62.38,76.67,78.31,73.05,59.47,63.53,68.23,,,26.82,24.94,24.34,25.33,26.74,25.68,24.52,24.16,9.12,9.47,8.18,7.31,6.89,6.7,7.55,12497.0,11322.0,10438.0,9700.0,9278.0,8592.0,7442.0,6840.0,-102125.0,-49295.0,68179.0,266149.0,161698.0,77772.0,340456.0
1026,,樹德科技大學,樹德科技大學,0,,私立,1,[2]技職,1,高雄市,南部,2,83.68,90.96,87.12,71.47,71.1,65.98,71.6,75.04,,,30.19,29.37,29.35,29.03,30.04,25.93,23.95,23.82,8.19,7.86,8.3,7.33,7.82,7.56,11.34,8303.0,8165.0,7955.0,7721.0,7631.0,6898.0,6298.0,5943.0,28141.0,49377.0,104229.0,37395.0,95819.0,-91873.0,106013.0
1030,,龍華科技大學,龍華科技大學,0,,私立,1,[2]技職,1,桃園市,北部,0,90.6,94.39,94.46,93.09,95.43,86.44,91.62,90.81,,,28.69,29.4,30.76,29.62,31.83,31.13,31.71,35.19,3.81,5.77,5.54,5.53,5.43,5.76,7.55,6807.0,7075.0,7138.0,7265.0,7980.0,7924.0,7603.0,8227.0,55996.0,104672.0,214627.0,291136.0,299997.0,235846.0,352743.0
1031,,輔英科技大學,輔英科技大學,0,,私立,1,[2]技職,1,高雄市,南部,2,88.55,91.24,91.38,90.83,86.19,74.07,73.38,74.11,,,24.69,24.62,26.86,25.22,25.47,25.09,24.65,25.13,5.34,4.82,4.52,4.51,4.86,4.3,6.35,5422.0,5381.0,5371.0,5318.0,5417.0,4999.0,4481.0,4277.0,60755.0,36040.0,82032.0,118690.0,172562.0,72850.0,207347.0
1032,,明新科技大學,明新學校財團法人明新科技大學,0,,私立,1,[2]技職,1,新竹縣,北部,0,69.49,81.62,81.91,70.95,75.4,76.98,76.81,76.44,,,23.25,23.73,24.8,24.26,24.41,23.25,22.2,23.95,13.85,13.76,12.29,11.02,10.34,12.79,16.23,8511.0,8615.0,8408.0,7714.0,7422.0,6928.0,6482.0,6658.0,-4288.0,9355.0,-14170.0,72801.0,49494.0,-11112.0,-72662.0
1034,,弘光科技大學,弘光科技大學,0,,私立,1,[2]技職,1,臺中市,中部,1,91.81,93.53,92.81,93.05,92.54,87.02,85.41,84.56,,,27.06,24.25,26.17,25.24,25.36,25.1,24.95,25.16,9.96,9.62,10.47,11.42,11.21,8.49,14.77,8313.0,8271.0,8198.0,8120.0,8160.0,7892.0,7667.0,7562.0,104559.0,-492305.0,-1641.0,68.0,74266.0,10539.0,360456.0
1036,,健行科技大學,健行學校財團法人健行科技大學,0,,私立,1,[2]技職,1,桃園市,北部,0,78.42,88.74,85.27,78.33,81.28,68.73,75.0,73.43,,,24.59,26.58,26.85,25.1,25.94,23.19,22.75,23.08,3.78,3.54,3.59,3.2,3.07,2.79,6.24,7278.0,7524.0,7277.0,6953.0,6900.0,6262.0,5846.0,5424.0,-119334.0,62508.0,104897.0,131368.0,163757.0,80704.0,140194.0
1037,,正修科技大學,正修學校財團法人正修科技大學,0,,私立,1,[2]技職,1,高雄市,南部,2,87.56,93.44,88.43,82.49,79.03,77.74,72.86,76.35,,,22.37,22.62,21.5,21.86,23.31,21.75,20.85,22.6,4.92,4.33,4.76,5.13,5.4,5.26,8.92,9620.0,9320.0,9093.0,8872.0,9072.0,8492.0,7919.0,7827.0,31635.0,35387.0,101487.0,111100.0,-401602.0,390162.0,67155.0
1038,,萬能科技大學,萬能學校財團法人萬能科技大學,0,,私立,1,[2]技職,1,桃園市,北部,0,86.42,85.71,78.58,66.72,71.25,74.11,75.1,81.88,,,26.15,28.13,25.69,25.93,25.33,24.15,24.32,26.97,7.85,6.87,6.58,5.72,4.95,3.85,5.76,6276.0,6414.0,6294.0,6250.0,5927.0,5459.0,5155.0,5393.0,-52597.0,69995.0,63878.0,74650.0,84642.0,7583.0,97761.0
1040,,建國科技大學,建國科技大學,0,,私立,1,[2]技職,1,彰化縣,中部,1,60.17,71.91,72.43,55.57,60.57,67.35,55.2,57.37,,,22.27,21.75,20.58,19.32,19.11,15.93,14.29,15.39,8.71,7.61,5.96,14.68,15.02,12.13,8.74,5745.0,5373.0,4858.0,4154.0,3669.0,2820.0,2215.0,2109.0,-41744.0,-73966.0,20423.0,223031.0,6373.0,-163669.0,39114.0
1041,,明志科技大學,明志科技大學,0,,私立,1,[2]技職,1,新北市,北部,0,84.28,90.69,91.13,93.24,97.08,96.12,100.0,98.48,,,20.62,21.04,21.12,20.59,20.78,20.02,19.96,20.73,0.71,1.02,0.84,0.95,1.08,1.18,1.8,4041.0,4040.0,4055.0,4097.0,4135.0,4124.0,4191.0,4292.0,853285.0,387259.0,1172473.0,-210964.0,99751.0,1607759.0,-1416033.0
1042,,台鋼科技大學,台鋼學校財團法人台鋼科技大學,0,,私立,1,[2]技職,1,高雄市,南部,2,51.16,47.48,60.41,60.41,60.48,24.51,15.7,63.4,,,16.3,14.07,12.58,10.42,10.7,8.31,6.45,10.54,3.77,3.25,2.87,3.2,6.03,1.37,2.93,3960.0,3165.0,2402.0,1876.0,1723.0,1222.0,721.0,833.0,-85039.0,-163162.0,-178583.0,-118674.0,-68450.0,41088.0,61615.0
1043,,大仁科技大學,大仁科技大學,0,,私立,1,[2]技職,1,屏東縣,南部,2,73.5,71.8,72.47,66.78,72.86,75.28,69.77,74.66,,,19.39,22.3,20.9,21.28,21.11,20.08,19.5,19.1,7.34,5.82,5.54,5.92,5.72,6.6,10.03,4654.0,4304.0,3867.0,3469.0,3188.0,2851.0,2398.0,2263.0,20788.0,5157.0,8383.0,40579.0,27747.0,43077.0,26224.0
1044,,聖約翰科技大學,聖約翰科技大學,0,,私立,1,[2]技職,1,新北市,北部,0,62.74,63.86,43.65,40.05,40.46,35.31,65.03,62.43,,,20.43,19.69,15.43,14.07,10.73,9.54,6.98,5.49,3.97,4.92,4.92,3.77,2.99,2.68,3.31,3482.0,3119.0,2222.0,1577.0,1108.0,665.0,366.0,265.0,-87893.0,-94188.0,-142300.0,-107429.0,-29017.0,65472.0,-52673.0
1045,,嶺東科技大學,嶺東科技大學,0,,私立,1,[2]技職,1,臺中市,中部,1,92.33,95.23,95.62,91.35,91.03,85.07,81.27,83.36,,,29.22,29.0,28.02,27.78,27.78,26.57,26.23,26.75,8.39,7.42,6.82,7.41,5.51,2.45,5.52,7567.0,7511.0,7565.0,7556.0,7445.0,6829.0,6190.0,5993.0,74.0,17544.0,157780.0,223250.0,422776.0,-146643.0,294352.0
1046,,中國科技大學,中國科技大學,0,,私立,1,[2]技職,1,臺北市,北部,0,71.0,75.25,82.47,71.28,72.58,60.13,56.5,63.98,,,29.16,28.14,28.27,27.3,27.65,26.93,22.99,21.31,4.89,5.11,5.07,5.17,5.2,4.41,6.23,8866.0,8133.0,7406.0,6525.0,6248.0,5601.0,4620.0,4220.0,134662.0,139924.0,144863.0,135181.0,150461.0,-513259.0,-34051.0
1047,,中臺科技大學,中臺科技大學,0,,私立,1,[2]技職,1,臺中市,中部,1,78.65,82.21,83.37,75.89,76.72,65.69,70.97,74.18,,,22.37,22.25,21.52,22.75,22.01,20.22,19.29,19.23,5.72,5.18,4.28,3.74,3.95,6.5,7.67,6018.0,5764.0,5573.0,5324.0,5062.0,4468.0,3973.0,3900.0,138987.0,17786.0,48008.0,66163.0,65913.0,87407.0,81357.0
1051,,台南應用科技大學,台南家專學校財團法人台南應用科技大學,0,,私立,1,[2]技職,1,臺南市,南部,2,83.1,88.65,90.11,84.87,76.72,65.48,69.47,73.5,,,30.37,29.82,29.52,29.03,27.98,26.87,26.41,26.56,3.98,3.88,3.82,3.5,3.22,3.28,6.02,8902.0,8726.0,8631.0,8490.0,8254.0,7588.0,7018.0,6780.0,280257.0,224202.0,150547.0,88980.0,23555.0,106317.0,250964.0
1052,,中信科技大學,中信金學校財團法人中信科技大學,0,,私立,1,[2]技職,1,臺南市,南部,2,56.34,64.81,62.02,52.65,50.14,53.84,47.55,72.38,,,23.77,22.82,20.07,19.08,16.96,14.15,13.65,12.54,8.25,8.78,6.84,6.58,7.02,4.91,10.03,5514.0,4769.0,3993.0,3416.0,2714.0,2024.0,1433.0,1141.0,19406.0,-23720.0,5269.0,566.0,-51551.0,-132673.0,62738.0
1053,,元培醫事科技大學,光宇學校財團法人元培醫事科技大學,0,,私立,1,[2]技職,1,新竹市,北部,0,73.64,76.94,80.94,79.56,75.75,63.22,50.44,54.71,,,23.48,23.47,21.94,22.1,22.91,19.67,16.4,17.55,5.62,4.27,3.17,3.83,3.82,3.31,5.75,5095.0,4717.0,4301.0,4044.0,3871.0,3384.0,2804.0,2580.0,10770.0,-56310.0,13642.0,77476.0,44962.0,-32918.0,37215.0
1054,,景文科技大學,景文科技大學,0,,私立,1,[2]技職,1,新北市,北部,0,77.13,76.94,76.7,62.6,62.18,70.22,74.95,76.33,,,26.95,27.69,27.51,29.99,28.22,27.86,26.21,27.46,6.11,5.54,4.83,5.47,5.4,6.1,7.33,5389.0,5234.0,5117.0,5099.0,4685.0,4235.0,3617.0,3405.0,49004.0,59842.0,75639.0,129488.0,52324.0,-5559.0,110221.0
1055,,中華醫事科技大學,中華醫事科技大學,0,,私立,1,[2]技職,1,臺南市,南部,2,74.26,77.19,73.46,77.17,77.46,76.22,71.1,71.05,,,26.26,28.52,27.61,27.42,28.4,25.4,24.78,24.87,5.75,4.76,4.47,5.18,5.45,3.73,7.68,4999.0,4823.0,4480.0,4193.0,3981.0,3419.0,2995.0,2669.0,98052.0,83215.0,132213.0,219047.0,137047.0,13197.0,188408.0
1056,,東南科技大學,東南科技大學,0,,私立,1,[2]技職,1,新北市,北部,0,66.6,81.95,76.04,60.27,60.14,62.06,56.81,67.8,,,27.31,27.82,26.99,26.89,27.12,27.17,24.63,29.63,4.11,4.73,5.34,4.89,5.03,5.84,6.94,5735.0,5342.0,4886.0,4518.0,4177.0,3776.0,3104.0,3052.0,-34386.0,12236.0,50035.0,-13818.0,-32018.0,-251.0,25150.0
1057,,德明財經科技大學,德明財經科技大學,0,,私立,1,[2]技職,1,臺北市,北部,0,69.81,80.34,87.14,71.51,79.67,65.54,60.86,70.91,,,30.94,32.11,30.9,30.23,30.47,28.25,26.13,26.72,2.63,2.6,2.39,2.48,2.67,2.01,4.38,7272.0,7290.0,7076.0,6742.0,6733.0,5933.0,5121.0,4702.0,99708.0,342753.0,74095.0,198661.0,23616.0,69589.0,187422.0
1060,,南開科技大學,南開科技大學,0,,私立,1,[2]技職,1,南投縣,中部,1,62.08,73.93,70.8,70.44,72.74,67.78,65.43,74.39,,,21.9,21.51,21.79,19.93,20.38,18.7,17.49,19.24,5.44,6.54,6.46,4.77,4.57,4.16,6.98,3342.0,3058.0,2576.0,2205.0,1867.0,1548.0,1378.0,1386.0,-32623.0,-34483.0,-34456.0,-25861.0,-65897.0,-86792.0,-14084.0
1061,,中華科技大學,中華學校財團法人中華科技大學,0,,私立,1,[2]技職,1,臺北市,北部,0,64.96,70.72,72.64,60.34,57.18,57.88,63.48,65.99,,,23.19,22.19,23.18,22.89,21.57,20.33,16.57,15.49,9.74,8.88,5.67,4.66,3.35,5.04,6.6,5287.0,4571.0,3917.0,3479.0,3085.0,2562.0,1906.0,1551.0,-51802.0,29385.0,-19639.0,-6339.0,19396.0,-14753.0,80594.0
1062,,僑光科技大學,僑光科技大學,0,,私立,1,[2]技職,1,臺中市,中部,1,94.48,96.4,95.72,90.75,82.85,72.55,81.23,84.55,,,29.46,29.38,28.41,27.12,26.96,25.36,25.48,26.55,2.86,3.04,2.52,2.25,2.32,1.96,4.56,6599.0,6581.0,6506.0,6292.0,5931.0,5325.0,4918.0,4858.0,254239.0,276638.0,278012.0,181775.0,192790.0,60494.0,138261.0
1063,,育達科技大學,廣亞學校財團法人育達科技大學,0,,私立,1,[2]技職,1,苗栗縣,中部,1,59.48,78.49,80.25,75.28,72.06,71.0,64.92,76.36,,,22.44,23.9,21.64,20.25,19.79,19.08,16.17,25.46,3.28,3.01,2.52,2.62,2.56,1.89,4.72,2805.0,2629.0,2121.0,1863.0,1722.0,1412.0,1229.0,1706.0,-34644.0,13866.0,5034.0,-2395.0,2110.0,-60471.0,30904.0
1064,,美和科技大學,美和學校財團法人美和科技大學,0,,私立,1,[2]技職,1,屏東縣,南部,2,71.67,69.66,65.19,63.0,65.77,68.52,75.67,70.53,,,24.72,24.12,22.9,21.56,20.82,20.56,20.33,17.77,7.11,6.22,5.77,5.63,4.76,4.86,9.64,3792.0,3532.0,3180.0,2696.0,2361.0,2034.0,1629.0,1496.0,50617.0,23079.0,29734.0,25290.0,15414.0,42883.0,113757.0
1065,,吳鳳科技大學,吳鳳科技大學,0,,私立,1,[2]技職,1,嘉義縣,南部,2,62.32,73.24,76.22,63.91,61.4,51.11,64.16,70.81,,,22.75,22.56,22.91,22.73,22.55,20.6,18.97,22.98,2.59,2.97,2.86,3.86,4.27,3.17,7.08,3685.0,3452.0,3319.0,3228.0,3090.0,2698.0,2258.0,2436.0,27619.0,21530.0,32047.0,49395.0,93748.0,-8000.0,152426.0
1069,,修平科技大學,修平學校財團法人修平科技大學,0,,私立,1,[2]技職,1,臺中市,中部,1,52.88,76.47,84.8,80.6,65.23,57.45,57.89,66.06,,,21.72,20.56,18.04,17.43,18.3,17.39,16.47,16.33,7.31,7.53,5.22,6.98,6.13,4.93,7.04,4387.0,3803.0,3302.0,3032.0,2910.0,2556.0,2224.0,2041.0,-34673.0,-61010.0,-68227.0,-2878.0,-13737.0,20552.0,13357.0
1070,,長庚科技大學,長庚學校財團法人長庚科技大學,0,,私立,1,[2]技職,1,桃園市,北部,0,98.21,98.15,97.84,98.61,97.99,98.1,98.01,98.58,,,15.25,15.85,19.07,15.77,15.59,15.29,15.04,14.79,0.9,0.87,0.78,0.83,0.83,1.08,1.75,4688.0,4943.0,5029.0,5024.0,5050.0,4907.0,4814.0,4734.0,451575.0,543735.0,-21006.0,15025.0,227237.0,635395.0,-573933.0
1071,,臺北城市科技大學,城市學校財團法人臺北城市科技大學,0,,私立,1,[2]技職,1,臺北市,北部,0,79.2,79.62,83.34,79.67,77.74,70.77,71.38,73.59,,,35.94,34.95,34.2,33.04,32.54,33.4,34.39,39.83,14.47,13.65,13.43,13.15,12.9,12.99,14.78,7379.0,7245.0,7288.0,7104.0,6908.0,6611.0,6132.0,6737.0,199244.0,193155.0,234052.0,215166.0,-89492.0,150832.0,504519.0
1072,,敏實科技大學,大華學校財團法人敏實科技大學,0,,私立,1,[2]技職,1,新竹縣,北部,0,60.18,60.17,64.14,68.6,69.57,69.06,61.14,79.5,,,14.94,14.63,17.7,13.85,13.68,14.9,18.13,25.0,14.1,15.47,2.22,1.83,1.56,1.16,3.19,822.0,638.0,406.0,296.0,262.0,348.0,479.0,795.0,14753.0,70589.0,-14351.0,4145.0,5828.0,5454.0,-26950.0
1073,,醒吾科技大學,醒吾學校財團法人醒吾科技大學,0,,私立,1,[2]技職,1,新北市,北部,0,74.29,79.78,65.71,73.32,70.26,62.59,65.64,64.84,,,28.74,30.16,27.93,28.69,30.1,28.96,27.79,27.42,3.69,3.94,3.69,3.85,4.48,7.9,11.23,5948.0,5860.0,5725.0,5700.0,5838.0,5320.0,5003.0,4683.0,1037.0,-15892.0,-95203.0,6368.0,88986.0,79518.0,136298.0
1075,,文藻外語大學,文藻學校財團法人文藻外語大學,0,,私立,1,[2]技職,1,高雄市,南部,2,92.8,92.1,91.81,81.97,80.58,72.48,72.69,86.64,,,27.38,27.74,27.24,26.62,25.8,25.27,25.11,24.66,6.13,6.13,5.92,6.66,7.54,6.42,10.03,5665.0,5727.0,5635.0,5501.0,5269.0,4810.0,4308.0,4015.0,-14360.0,-4606.0,18139.0,9908.0,54448.0,-67376.0,189245.0
1076,,華夏科技大學,華夏學校財團法人華夏科技大學,0,,私立,1,[2]技職,1,新北市,北部,0,65.14,66.63,62.38,70.11,49.41,42.39,,,,,21.43,20.1,18.01,18.87,17.72,15.52,15.26,17.12,4.75,4.42,9.68,9.65,9.69,8.86,9.67,2834.0,2312.0,1880.0,1588.0,1391.0,1128.0,643.0,343.0,25330.0,-23179.0,17261.0,-6951.0,-125632.0,-50835.0,-36335.0
1078,,致理科技大學,致理學校財團法人致理科技大學,0,,私立,1,[2]技職,1,新北市,北部,0,95.13,96.58,97.55,97.81,94.33,90.74,96.28,99.5,,,30.59,30.09,29.81,31.08,30.6,31.11,30.46,31.12,4.95,5.81,6.5,7.08,8.28,7.5,9.21,6702.0,6632.0,6530.0,6657.0,6706.0,6698.0,6514.0,6631.0,70318.0,-6614.0,-119062.0,140653.0,5971.0,-57936.0,140764.0
1080,,宏國德霖科技大學,宏國學校財團法人宏國德霖科技大學,0,,私立,1,[2]技職,1,新北市,北部,0,62.95,69.63,66.68,64.51,60.37,56.15,56.05,75.25,,,22.14,21.6,20.26,19.01,19.04,18.19,16.68,21.45,2.79,2.46,2.5,2.49,2.8,2.51,4.07,2938.0,2685.0,2320.0,2149.0,2033.0,1840.0,1448.0,1800.0,56383.0,20216.0,20330.0,-393655.0,-120899.0,-59629.0,61413.0
1082,,崇右影藝科技大學,崇右學校財團法人崇右影藝科技大學,0,,私立,1,[2]技職,1,基隆市,北部,0,55.47,51.89,68.2,77.18,92.23,87.58,93.92,87.77,,,27.12,24.64,23.69,23.55,26.92,27.16,21.2,21.42,7.02,4.12,2.5,3.3,6.0,5.02,14.6,2365.0,2260.0,1930.0,1730.0,1636.0,1358.0,1145.0,1114.0,-18931.0,-67277.0,-52303.0,17668.0,22557.0,-45923.0,14054.0
1083,,台北海洋科技大學,台北海洋學校財團法人台北海洋科技大學,0,,私立,1,[2]技職,1,新北市,北部,0,63.96,60.2,64.62,59.46,70.78,71.01,70.14,71.46,,,31.01,31.31,28.7,24.55,24.71,22.72,21.7,21.92,12.71,9.57,6.69,6.66,6.58,6.92,9.7,3786.0,3450.0,3017.0,2665.0,2615.0,2437.0,2263.0,2053.0,6078.0,-31786.0,-68340.0,-79315.0,-26236.0,635.0,6224.0
1084,,亞東科技大學,亞東科技大學,0,,私立,1,[2]技職,1,新北市,北部,0,,,,,77.96,71.25,88.23,91.82,,,,,,,28.5,27.93,28.97,28.73,,,,,0.74,1.0,1.43,,,,,4076.0,3770.0,3708.0,3821.0,,,,,175243.0,-496548.0,202356.0
1148,,大漢技術學院,大漢技術學院,0,,私立,1,[2]技職,1,花蓮縣,東部,3,66.45,69.43,78.48,87.8,80.25,70.79,51.66,,,,9.77,8.41,8.76,8.62,8.61,8.38,7.08,5.59,1.42,1.85,1.82,2.01,2.57,1.87,5.52,469.0,412.0,359.0,336.0,284.0,218.0,170.0,95.0,-22701.0,-21718.0,-25238.0,-8175.0,-15880.0,-39242.0,-10820.0
1168,,南亞技術學院,南亞科技學校財團法人南亞技術學院,0,,私立,1,[2]技職,1,桃園市,北部,0,51.59,63.51,70.88,63.58,62.82,70.42,71.07,74.62,,,17.94,18.56,17.7,17.45,17.41,17.69,15.52,13.68,3.79,3.34,3.97,3.19,3.14,2.0,5.36,2215.0,1789.0,1421.0,1325.0,1179.0,1071.0,854.0,739.0,-69097.0,-22738.0,13000.0,12258.0,5141.0,14057.0,36607.0
1183,,黎明技術學院,黎明技術學院,0,,私立,1,[2]技職,1,新北市,北部,0,69.65,72.17,77.63,72.43,73.58,74.55,71.52,70.52,,,23.9,24.74,24.9,23.34,25.35,25.14,24.28,26.51,9.84,7.17,8.28,7.02,8.39,8.24,15.16,2985.0,3326.0,3421.0,3498.0,3550.0,3393.0,3113.0,3277.0,32754.0,-20547.0,45580.0,46025.0,55482.0,30316.0,68978.0
1185,,德育護理健康學院,德育學校財團法人德育護理健康學院,0,,私立,1,[2]技職,1,基隆市,北部,0,73.06,74.99,66.52,61.3,65.01,56.63,72.02,64.93,,,24.45,24.04,24.01,22.83,20.99,19.78,21.35,20.77,10.65,10.08,9.03,9.47,6.8,6.93,9.93,1983.0,2085.0,2231.0,2086.0,1864.0,1612.0,1537.0,1389.0,-22477.0,-2060.0,-57877.0,-10598.0,-25343.0,6149.0,77044.0
1282,,馬偕醫護管理專科學校,馬偕學校財團法人馬偕醫護管理專科學校,0,,私立,1,[2]技職,1,臺北市,北部,0,97.26,92.35,91.05,95.61,97.78,96.72,96.28,96.54,,,28.91,29.01,28.23,26.79,26.21,26.35,25.87,26.97,11.56,10.2,9.14,8.01,6.49,5.35,5.93,19.0,42.0,54.0,32.0,1.0,,,,82577.0,4713.0,-54174.0,46989.0,18285.0,110663.0,187647.0
1283,,仁德醫護管理專科學校,仁德醫護管理專科學校,0,,私立,1,[2]技職,1,苗栗縣,中部,1,89.39,85.92,88.19,97.17,87.39,85.34,81.89,72.71,,,31.04,30.06,29.19,28.45,27.77,27.27,25.42,24.31,7.1,5.07,4.44,3.94,4.55,4.11,6.69,,,,,,,,,68590.0,95801.0,104175.0,102794.0,79476.0,5728.0,142924.0
1284,,樹人醫護管理專科學校,樹人醫護管理專科學校,0,,私立,1,[2]技職,1,高雄市,南部,2,96.32,99.47,99.18,98.82,97.36,95.48,97.24,99.06,,,31.32,29.55,30.5,30.03,30.51,30.17,30.24,30.73,5.4,4.36,5.44,5.37,5.26,4.65,6.3,,,,,,,,,67541.0,62110.0,50658.0,106069.0,107575.0,-52298.0,98045.0
1285,,慈惠醫護管理專科學校,慈惠醫護管理專科學校,0,,私立,1,[2]技職,1,屏東縣,南部,2,61.07,68.62,60.66,58.35,61.04,51.51,51.62,66.74,,,31.07,31.4,28.22,26.51,24.17,21.21,19.03,18.56,6.08,4.97,4.18,4.15,4.77,3.75,6.63,127.0,96.0,103.0,97.0,89.0,84.0,60.0,53.0,45131.0,49874.0,32153.0,31141.0,20994.0,-27028.0,14227.0
1286,,耕莘健康管理專科學校,耕莘健康管理專科學校,0,,私立,1,[2]技職,1,新北市,北部,0,93.42,86.8,83.64,92.17,91.55,90.77,93.84,82.51,,,28.49,28.99,28.36,27.89,25.73,26.39,26.27,27.35,21.27,19.02,16.08,14.64,12.33,10.67,9.54,,,,,,,,,47502.0,30060.0,-6378.0,4976.0,-5998.0,43675.0,65561.0
1287,,敏惠醫護管理專科學校,敏惠醫護管理專科學校,0,,私立,1,[2]技職,1,臺南市,南部,2,85.79,86.89,84.92,91.58,87.21,76.18,81.14,61.37,,,31.11,31.2,32.53,30.49,31.74,32.68,31.41,32.09,11.84,9.43,11.1,9.54,9.46,8.61,10.04,,,,,,,,,30422.0,22985.0,62341.0,34956.0,28763.0,69431.0,61838.0
1289,,育英醫護管理專科學校,育英醫護管理專科學校,0,,私立,1,[2]技職,1,高雄市,南部,2,97.39,90.54,93.11,100.0,94.89,93.51,98.65,75.41,,,27.73,28.76,28.93,28.44,28.28,28.22,27.36,26.63,5.9,5.55,5.19,5.22,3.96,3.51,4.16,,,,,,,,,13275.0,24358.0,25045.0,8602.0,8829.0,23949.0,39377.0
1291,,聖母醫護管理專科學校,聖母醫護管理專科學校,0,,私立,1,[2]技職,1,宜蘭縣,北部,0,66.87,66.52,69.03,72.2,77.02,63.93,67.34,60.93,,,28.42,29.54,27.34,24.6,21.42,20.68,20.11,18.24,10.33,8.02,6.48,5.02,3.79,3.24,4.97,,,22.0,39.0,34.0,15.0,2.0,,-22807.0,-325.0,8576.0,-4412.0,-16612.0,-25065.0,-7080.0
1292,,新生醫護管理專科學校,新生醫護管理專科學校,0,,私立,1,[2]技職,1,桃園市,北部,0,97.46,93.66,90.54,97.87,97.24,96.39,100.0,95.68,,,28.0,28.54,27.32,28.06,28.77,28.3,26.45,26.36,11.81,9.23,7.95,8.16,5.74,4.52,6.32,,,,,,,,,29352.0,25104.0,78707.0,105992.0,71299.0,75506.0,122667.0
1293,,崇仁醫護管理專科學校,崇仁醫護管理專科學校,0,,私立,1,[2]技職,1,嘉義縣,南部,2,,87.19,89.39,87.23,87.46,82.86,88.57,85.57,,,,26.29,26.43,26.56,26.74,26.08,25.57,26.88,,3.97,2.31,2.96,3.14,3.36,4.4,,,,,,,,,,60919.0,18972.0,24953.0,46260.0,38763.0,73645.0
