代碼,學校類別,學校名稱,學校名稱,是否倒閉,倒閉年,公/私立,公私立碼,體系別,體系碼,縣市名稱,地區,地區碼,106註冊率,107註冊率,108註冊率,109註冊率,110註冊率,111註冊率,112註冊率,113註冊率,備註,114核定招生名額,106師生比,107師生比,108師生比,109師生比,110師生比,111師生比,112師生比,113師生比,106負債率,107負債率,108負債率,109負債率,110負債率,111負債率,112負債率,106學生數,107學生數,108學生數,109學生數,110學生數,111學生數,112學生數,113學生數,106資金增減,107資金增減,108資金增減,109資金增減,110資金增減,111資金增減,112資金增減
1190,-,高鳳數位內容學院,高鳳數位內容學院,,103,私立,1,[2]技職,1,屏東縣,南部,2,NaN,NaN,NaN,NaN,NaN,NaN,NaN,NaN,,,NaN,NaN,NaN,NaN,NaN,NaN,NaN,NaN,NaN,NaN,NaN,NaN,NaN,NaN,NaN,NaN,NaN,NaN,NaN,NaN,NaN,NaN,NaN,NaN,NaN,NaN,NaN,NaN,NaN,NaN
1154,-,永達技術學院,永達技術學院,,103,私立,1,[2]技職,1,高雄市,南部,2,NaN,NaN,NaN,NaN,NaN,NaN,NaN,NaN,,,NaN,NaN,NaN,NaN,NaN,NaN,NaN,NaN,NaN,NaN,NaN,NaN,NaN,NaN,NaN,NaN,NaN,NaN,NaN,NaN,NaN,NaN,NaN,NaN,NaN,NaN,NaN,NaN,NaN,NaN
1288,-,高美醫護管理專科學校,高美醫護管理專科學校,,107,私立,1,[2]技職,1,高雄市,南部,2,47.24,NaN,NaN,NaN,NaN,NaN,NaN,NaN,,,17.89,NaN,NaN,NaN,NaN,NaN,NaN,NaN,11.84,NaN,NaN,NaN,NaN,NaN,NaN,NaN,NaN,NaN,NaN,NaN,NaN,NaN,NaN,-11588,NaN,NaN,NaN,NaN,NaN,NaN
1189,-,亞太創意技術學院,亞太創意技術學院,,108,私立,1,[2]技職,1,苗栗縣,中部,1,69.32,NaN,NaN,NaN,NaN,NaN,NaN,NaN,,,7.98,NaN,NaN,NaN,NaN,NaN,NaN,NaN,6.21,NaN,NaN,NaN,NaN,NaN,NaN,343,NaN,NaN,NaN,NaN,NaN,NaN,NaN,-39858,NaN,NaN,NaN,NaN,NaN,NaN
1074,-,南榮科技大學,南榮科技大學,,109,私立,1,[2]技職,1,臺南市,南部,2,32.17,56.41,NaN,NaN,NaN,NaN,NaN,NaN,,,13.25,9.67,NaN,NaN,NaN,NaN,NaN,NaN,3.22,NaN,NaN,NaN,NaN,NaN,NaN,1176,733,NaN,NaN,NaN,NaN,NaN,NaN,-41850,NaN,NaN,NaN,NaN,NaN,NaN
1176,-,稻江科技暨管理學院,稻江科技暨管理學院,,110,私立,1,[1]一般,0,嘉義縣,南部,2,NaN,NaN,NaN,NaN,NaN,NaN,NaN,NaN,,,24.17,27.02,25.7,8.41,NaN,NaN,NaN,NaN,4.47,3.12,2.11,NaN,NaN,NaN,NaN,1450,1540,1182,143,NaN,NaN,NaN,NaN,16360,1981,-7944,NaN,NaN,NaN,NaN
1192,-,臺灣觀光學院,臺灣觀光學院,,110,私立,1,[2]技職,1,花蓮縣,東部,3,29.87,77.96,78.84,39.47,NaN,NaN,NaN,NaN,,,16.55,23.96,20.89,16.4,NaN,NaN,NaN,NaN,4.43,3.11,3.02,NaN,NaN,NaN,NaN,526,442,289,109,NaN,NaN,NaN,NaN,-5940,-37679,-13741,NaN,NaN,NaN,NaN
1182,-,蘭陽技術學院,蘭陽技術學院,,111,私立,1,[2]技職,1,宜蘭縣,北部,0,43.89,63.73,80.83,92.37,NaN,NaN,NaN,NaN,108取消一半招生,,12.6,11.81,13.08,10.05,9.7,NaN,NaN,NaN,3.16,3.48,3.42,2.42,0.44,NaN,NaN,562,516,346,226,132,NaN,NaN,NaN,-21701,13831,-67,3176,-56730,NaN,NaN
1067,-,台灣首府大學,台灣首府大學,,112,私立,1,[1]一般,0,臺南市,南部,2,53.36,52.82,46.96,44.57,38.18,NaN,NaN,NaN,,,21.26,20.28,17.15,13.91,10.9,6.24,NaN,NaN,1.55,1.96,1.41,1.26,1.53,NaN,NaN,2232,1825,1269,918,643,256,NaN,NaN,-31161,-37043,-27245,-36631,4393,NaN,NaN
1159,-,和春技術學院,和春技術學院,,112,私立,1,[2]技職,1,高雄市,南部,2,35.48,47.46,58.01,64.34,NaN,NaN,NaN,NaN,,,10.92,8.15,8.78,4.92,3.17,1.78,NaN,NaN,2.39,1.71,1.55,1.31,NaN,NaN,NaN,784,413,278,156,77,24,NaN,NaN,-58994,-63895,-24484,-20599,NaN,NaN,NaN
1068,-,中州科技大學,中州科技大學,,112,私立,1,[2]技職,1,彰化縣,中部,1,54.42,53.42,64.48,61.12,63.45,NaN,NaN,NaN,,,17.54,14.59,14.6,11.43,7.13,4.65,NaN,NaN,7.04,8.91,9.38,7.08,7.58,21.11,NaN,2017,1517,1431,937,556,288,NaN,NaN,-13286,34017,-20776,-96962,-83492,36371,NaN
1058,-,明道大學,明道大學,,113,私立,1,[1]一般,0,彰化縣,中部,1,52.49,47.08,61.65,48.88,43.77,39.47,NaN,NaN,,,26.46,24.61,21.23,16.99,14.19,11.79,7.31,NaN,14.38,14.47,13.1,15.17,16.44,NaN,33.55,3440,3027,2441,1903,1504,967,446,NaN,-6153,-771,-55461,15663,-84351,NaN,90152
1081,-,東方設計大學,東方設計大學,,113,私立,1,[2]技職,1,高雄市,南部,2,67.27,58.96,60.45,47.84,19.06,26.3,NaN,NaN,,,19.45,21.4,17.59,16.52,14.43,12.7,5.27,NaN,5.71,7.37,8.11,7.76,5.68,6.41,25.74,1564,1418,1067,838,609,421,153,NaN,-44373,-29869,-35032,30896,-56161,-55137,43714
1188,-,大同技術學院,大同技術學院,,113,私立,1,[2]技職,1,嘉義縣,南部,2,71.73,73.05,46.02,44.94,64.25,NaN,NaN,NaN,,,23.48,19.76,14.77,12.68,10.37,8.62,3.54,NaN,4.95,5.33,3.79,2.79,5.89,9.61,28.11,1323,1110,792,545,397,178,71,NaN,-31596,21653,-29281,-24049,-13311,-10199,18164
1066,-,環球科技大學,環球科技大學,,113,私立,1,[2]技職,1,雲林縣,中部,1,63.89,66.34,59.17,59.67,60.22,62.8,NaN,NaN,,,21.12,19.87,18.39,18.99,15.72,12.99,7.71,NaN,9.05,8.14,15.95,14.7,14.68,22.3,37.48,3696,3159,2704,2412,1855,1364,709,NaN,-166505,-43900,33897,-15345,-58079,-40636,58352
1,公立大學,國立政治大學,國立政治大學,,,公立,0,[1]一般,0,臺北市,北部,0,94.44,95.13,95,96.44,96.53,98.44,97.1,97.34,,2062,20.38,20.64,19.84,20.06,20.05,20.77,20.91,20.91,27.06,34.01,36.14,36.5,37.4,37.41,37.41,14612,14593,14603,14585,14478,14857,14915,15035,655226,-421693,-185608,666159,-118515,475413,209004
2,,國立清華大學,國立清華大學,,,公立,0,[1]一般,0,新竹市,北部,0,94.56,95.97,96.43,99.04,100,100,100,100,,1963,18.87,18.78,18.6,18.68,18.92,19.42,20,19.57,27.14,31.23,33.6,34.89,39.32,42.76,42.47,15534,15436,15385,15601,16122,16647,16778,16854,541643,370786,-522595,133935,536544,1182074,827046
3,,國立臺灣大學,國立臺灣大學,,,公立,0,[1]一般,0,臺北市,北部,0,94.36,94.53,95.17,96.6,100,99.9,99.42,99.54,,3452,14.85,14.81,15.03,15.03,15.19,15.16,15.61,15.78,32.75,35.09,43.16,44.81,37.98,39.26,39.18,30374,30260,30382,30852,31292,31799,32305,32858,44594,-378001,280940,1775403,2863718,-2649242,-898698
4,,國立臺灣師範大學,國立臺灣師範大學,,,公立,0,[3]師範,2,臺北市,北部,0,92.89,92.55,93.92,93.63,96.51,96.73,96.92,96.16,,1708,16.28,16.14,16.79,16.76,17.03,16.98,17.18,17.39,14.39,16.26,19.39,25.13,30.4,33.15,33.82,13434,13540,13653,13791,14030,14080,14224,14291,380942,-124282,72619,157674,-497274,1082311,868505
5,,國立成功大學,國立成功大學,,,公立,0,[1]一般,0,臺南市,南部,2,93.34,94.49,95.09,97.3,100,100,100,100,,2724,15.01,15.01,14.93,15.18,15.71,15.95,19.89,16.75,30.82,33.3,34.14,35.66,36.35,38.35,39.7,19909,19890,20010,20274,20869,21292,21500,21778,795245,-273580,187734,293055,21564,802397,376172
6,,國立中興大學,國立中興大學,,,公立,0,[1]一般,0,臺中市,中部,1,92.95,93.64,94.38,94.83,98.74,100,100,97.72,,1903,16.1,16.04,15.89,15.97,14.9,14.81,15.02,15.08,21.45,24.2,25.47,26.11,26.78,25.78,26.75,12383,12432,12411,12378,12512,12838,12975,13259,59735,-427464,-13720,275258,-277008,335905,-194117
7,,國立陽明交通大學,國立陽明交通大學,,,公立,0,[1]一般,0,新竹市,北部,0,94.76,96.25,96.25,98.32,100,100,100,100,,1738,17.59,17.33,17.62,17.99,16.12,16.35,17.11,17.51,34.72,38.58,38.9,36.05,36.83,38.12,38.21,12699,12738,13146,13582,18631,18835,19491,20133,267988,-9276,104393,169281,-48231,1106605,155438
8,,國立中央大學,國立中央大學,,,公立,0,[1]一般,0,桃園市,北部,0,93.27,93.43,93.07,96.34,100,100,100,100,,1500,16.23,16.45,15.83,15.79,15.84,16.97,17.32,17.56,26.56,27.87,28,29.17,30.03,30.69,30.08,10599,10612,10479,10563,10695,10829,10981,11078,140356,-40893,-243586,785,44533,-124907,236502
9,,國立中山大學,國立中山大學,,,公立,0,[1]一般,0,高雄市,南部,2,89.32,89.65,90.35,92.54,96.81,98.93,98.06,94.38,,1144,16.58,16.09,15.82,15.41,15.34,15.52,15.14,15.78,29.64,30.75,32.15,36.73,38.12,40.82,41.4,8439,8400,8495,8601,8807,9201,9294,9970,315054,-31536,-104082,45996,347322,-158270,462941
12,,國立臺灣海洋大學,國立臺灣海洋大學,,,公立,0,[1]一般,0,基隆市,北部,0,86.47,88.12,90.03,89.49,90.69,91.3,92.06,89.05,,1360,17.97,18,17.78,17.52,17.68,17.87,18.54,18.48,15.42,16.92,17.43,26.17,26.31,27.42,27.39,7422,7486,7644,7707,7832,7900,8029,8001,103970,-15535,-186916,-44953,-11076,155246,131047
13,,國立中正大學,國立中正大學,,,公立,0,[1]一般,0,嘉義縣,南部,2,91.37,90.45,91.59,92.7,95.15,95.58,95.07,93.81,,1586,18.71,18.21,18.49,18.23,18.39,18.93,19.41,18.96,16.45,18.09,16.91,18.68,19.54,19.59,19.23,10142,9978,9836,9716,9784,9974,10072,10085,176989,-814435,-250565,180974,1105,430736,-590360
14,,國立高雄師範大學,國立高雄師範大學,,,公立,0,[3]師範,2,高雄市,南部,2,90.1,86.17,88.12,89.36,95.48,93.46,92.64,89.65,,841,18.33,18.43,18.48,19.34,20.05,20.61,22.05,21.69,10.52,10.54,11.14,11.19,12.12,12.66,13.63,5315,5326,5359,5531,5693,5834,5976,5921,148234,217267,-313777,107566,140132,-75108,-85121
15,,國立彰化師範大學,國立彰化師範大學,,,公立,0,[3]師範,2,彰化縣,中部,1,94.79,93.94,96,95.21,96.42,96.85,96.91,95.78,,1128,18.45,18.83,19.35,19.13,18.59,19.62,19.89,20.28,25.41,26,26.35,27.55,28.58,29.76,29.14,6882,6947,7023,7041,7103,7162,7240,7320,151511,-476055,779945,-439866,-153791,317978,-203446
16,,(自增)國立陽明大學,國立陽明大學,,110,,0,,0,臺北市,北部,0,85.16,86.83,89.51,95.15,NaN,NaN,NaN,NaN,,,10.55,10.3,10.31,10.81,NaN,NaN,NaN,NaN,29.08,29.73,26.92,NaN,NaN,NaN,NaN,4197,4193,4186,4379,NaN,NaN,NaN,NaN,231274,-277263,50631,NaN,NaN,NaN,NaN
17,,國立臺北大學,國立臺北大學,,,公立,0,[1]一般,0,新北市,北部,0,95.19,96.32,96.52,97.67,97.23,94.92,95.23,94.67,,1340,20.21,19.39,19.44,19.31,19.98,20.23,19.44,19.64,8.5,8.58,8.79,10.17,10.36,11.06,12.83,7438,7349,7387,7415,7572,7667,7700,7817,166395,-91251,-35572,-58788,151944,4315,-52442
18,,國立嘉義大學,國立嘉義大學,,,公立,0,[1]一般,0,嘉義市,南部,2,89.94,90.96,91.54,90.67,93.76,82.45,89.75,86.46,,1901,18.22,17.81,17.33,17.28,17.98,18.03,18.49,18.36,10.09,11.47,12.11,13.19,14.48,14.86,15.18,9366,9173,9009,8863,8989,8745,8970,8923,325000,-23654,-29063,-38257,-58053,-8148,-85315
19,,國立高雄大學,國立高雄大學,,,公立,0,[1]一般,0,高雄市,南部,2,92.07,92.71,93.99,92.81,96.25,94.47,97.26,94.48,,1062,20.87,20.83,21.05,21.29,21.93,22.85,23.7,23.59,6.78,7.72,9.3,10.73,11.93,12.04,12.41,4863,4937,5010,5066,5220,5323,5475,5473,59935,-1409,37775,-38130,77305,-46544,-23187
20,,國立東華大學,國立東華大學,,,公立,0,[1]一般,0,花蓮縣,東部,3,87.02,86.05,89.22,92.31,93.88,87.53,92.38,87.68,,1737,19.49,19.72,20.37,20.7,21.25,21.27,21.39,21.01,9.57,10.74,10.92,11.64,11.86,13.57,13.08,9587,9407,9371,9459,9688,9742,9838,9726,407723,-248857,30265,147410,40720,-323670,-27890
21,,國立暨南國際大學,國立暨南國際大學,,,公立,0,[1]一般,0,南投縣,中部,1,83.03,83.18,87.32,90.24,94.66,92.61,94.68,91.94,,984,22.1,21.45,20.67,20.34,21.32,22.3,23.02,23.03,16.46,17.06,18.67,21.65,24.26,24.11,24.87,5924,5771,5684,5554,5756,5887,6030,6150,117557,96896,-82348,87081,-13458,-89953,109091
28,,國立臺北藝術大學,國立臺北藝術大學,,,公立,0,[1]一般,0,臺北市,北部,0,95.31,93.91,97.44,97.01,97.54,97.81,97.63,97.51,,394,18.36,17.81,18.07,17.97,17.16,17.87,17.87,17.58,19.66,18.46,19.32,18.9,18.55,16.82,15.87,2863,2831,2854,2883,2799,2917,2937,2948,10706,93112,-6594,-119640,47378,-56988,23841
29,,國立臺灣藝術大學,國立臺灣藝術大學,,,公立,0,[1]一般,0,新北市,北部,0,97.8,97.87,97.23,96.19,97.84,96.19,94.93,91.56,,514,20.4,19.82,20.96,20.75,19.75,19.52,20.98,20.21,6.51,5.4,5.88,5.75,5.83,5.33,5.16,3304,3310,3270,3217,3259,3299,3357,3355,122629,120101,-185920,35898,139185,-343201,-54964
30,,國立臺東大學,國立臺東大學,,,公立,0,[1]一般,0,臺東縣,東部,3,84.04,83.98,90.39,92.68,93.59,83.86,90.21,87.58,,870,20.32,19.87,19.7,19.83,20.06,19.64,19.32,19.31,3.69,5.15,5.24,5.33,5.22,5.38,5.9,3901,3854,3881,4006,4132,4104,4095,4017,157415,71466,-20614,-26390,52832,-47406,28937
31,,國立宜蘭大學,國立宜蘭大學,,,公立,0,[1]一般,0,宜蘭縣,北部,0,92.84,92.84,92.25,95.97,97.26,95.75,98.7,95.46,,1049,21.18,21.02,20.86,20.66,21.43,21.47,21.18,21.08,11.7,12.07,12.03,12.42,12.39,12.3,11.44,4936,4876,4818,4854,4993,5024,5040,4933,94502,-136857,-50189,-370988,46414,-14755,-69254
32,,國立聯合大學,國立聯合大學,,,公立,0,[1]一般,0,苗栗縣,中部,1,86.73,89.64,89.66,89.51,93.1,92.14,96.43,89.51,,1494,22.48,22.44,22.27,22.49,23.07,23.07,23.39,23.64,5.82,6.23,6.87,7.76,7.86,8.49,8.45,6473,6372,6348,6387,6530,6553,6642,6571,104533,194100,85686,48856,-175921,-35043,47151
35,,國立臺南藝術大學,國立臺南藝術大學,,,公立,0,[1]一般,0,臺南市,南部,2,90.24,88.3,88.63,93.17,96.36,92.17,93.3,89.52,,200,14.59,14.01,14.26,14.28,14.63,15.13,15.53,15.35,3.83,3.13,4.01,3.48,3.59,4.3,5.76,1362,1346,1389,1372,1392,1430,1422,1390,87267,-36626,136348,30758,19652,-52598,29102
36,,國立臺南大學,國立臺南大學,,,公立,0,[1]一般,0,臺南市,南部,2,89.36,88.06,86.43,91.88,90.41,85.32,93.64,90.95,,927,21.06,21.02,21.09,21.58,22.45,22.58,23.24,24.65,12.38,14.22,13.73,13.72,15.14,15.24,18.11,4992,4940,4894,4963,5096,5057,5137,5152,105644,57912,8762,86771,77567,21768,122849
37,,國立臺北教育大學,國立臺北教育大學,,,公立,0,[3]師範,2,臺北市,北部,0,97.01,91.77,95.27,95.37,97.62,95.22,96.65,95.82,,768,21.48,20.75,20.34,20.44,19.96,20.87,21.34,21.15,8.42,9.5,9.36,8.93,9.98,9.51,8.82,4789,4877,4820,4864,4890,4904,4950,4949,79035,-72030,78617,-81929,212869,-265742,34583
39,,國立臺中教育大學,國立臺中教育大學,,,公立,0,[3]師範,2,臺中市,中部,1,95.51,93.68,94.71,94.69,97.25,89.99,95.51,97.12,,766,21.57,20.75,20.61,20.39,20.7,21.11,21.35,21.66,13.02,12.84,11.47,11.14,12.33,13.93,14.96,4293,4212,4164,4139,4222,4221,4334,4354,132311,-118451,105215,-19557,125895,73933,-95849
44,,國立體育大學,國立體育大學,,,公立,0,[1]一般,0,桃園市,北部,0,94.98,94.9,96.07,93.75,97,98.48,94.94,99.38,,350,21.39,22.2,22.12,22.26,22.69,24.34,24.52,25.65,5.19,6,6.02,8.63,12.07,10.68,10.46,2160,2176,2234,2271,2314,2410,2452,2462,-150011,-17596,-18600,3049,248869,-143079,-69543
48,,國立金門大學,國立金門大學,,,公立,0,[1]一般,0,金門縣,離島,4,88.19,86.32,92.86,86.5,92.29,83.45,85.06,80.49,,733,23.95,23.17,22.85,21.67,22.12,22.4,22.72,20.84,10.95,12.11,13.2,12.79,15.94,15.44,15.1,3569,3360,3404,3186,3274,3315,3272,3085,50632,166996,-19333,-149028,-52586,-52244,-40740
49,,國立臺灣體育運動大學,國立臺灣體育運動大學,,,公立,0,[1]一般,0,臺中市,中部,1,94.23,97.37,98.37,98.52,97.03,97.91,98.6,94.84,,541,25.3,23.27,23.15,21.21,20.79,21.27,21.13,21.11,5.19,4.71,4.39,4.04,3.34,3.97,6.4,2707,2630,2616,2630,2619,2638,2662,2639,2591,41062,35536,-156815,47354,65332,75841
52,,國立屏東大學,國立屏東大學,,,公立,0,[1]一般,0,屏東縣,南部,2,88.4,90.4,89.68,94.31,94.44,85.93,90.55,88.36,,1458,22.95,22.48,21.79,21.54,21.37,21.24,22.08,22.24,6.25,6.05,6.01,6.62,6.91,8.18,8.19,7756,7666,7538,7539,7587,7496,7528,7561,255916,26917,50423,-88587,144720,39800,-12155
3002,,臺北市立大學(政府不提供負債率),臺北市立大學,,,公立,0,[1]一般,0,臺北市,北部,0,93.67,94.94,96.49,97.37,97.07,96.06,96.09,95.92,,1204,20.23,20.17,20.12,21.25,21.47,21.31,21.16,21.16,NaN,NaN,NaN,NaN,NaN,NaN,NaN,6697,6738,6719,6864,6913,6840,6813,6813,NaN,NaN,NaN,NaN,NaN,NaN,NaN
22,公立技專,國立臺灣科技大學,國立臺灣科技大學,,,公立,0,[2]技職,1,臺北市,北部,0,96.67,97,97.75,98.85,100,100,100,100,,,22.34,20.79,19.8,18.6,20.2,20.75,19.62,19.39,22.59,24.7,25.86,28.85,28.94,27.96,26.29,10222,10336,10476,10359,10443,10812,10811,11012,357517,275359,-142120,63904,308727,-1978,-131338
23,,國立雲林科技大學,國立雲林科技大學,,,公立,0,[2]技職,1,雲林縣,中部,1,88.45,88.86,90.28,90.74,92.41,95.92,94.39,93.54,,,24.57,21.84,21.26,20.91,21.21,21.91,22.49,23.7,14.96,16.41,17.72,18.61,18.07,19.04,19.24,8943,8932,8844,8822,8864,8985,9290,9458,142276,147786,166298,-9781,-151288,-27891,-186418
24,,國立屏東科技大學,國立屏東科技大學,,,公立,0,[2]技職,1,屏東縣,南部,2,84.16,87.07,88.52,89.76,90.59,90.17,87.14,83.89,,,23.09,22.66,22.67,21.26,22.59,21.3,20.64,19.99,18.75,20.15,20.19,20.03,21.24,21.39,22.75,9191,9247,9115,9036,8990,9031,8937,8695,131967,114383,8970,-274688,76964,-115180,286017
25,,國立臺北科技大學,國立臺北科技大學,,,公立,0,[2]技職,1,臺北市,北部,0,95.87,96.48,96.38,99.62,100,100,100,100,,,20.37,20.5,21.37,22.55,22.38,22.29,21.98,22.32,13.87,15.27,16.24,15.7,15.66,15.44,15.33,9572,9581,9935,10187,10198,10458,10705,10799,-3812,167586,297585,201361,-550382,3380,-187884
33,,國立虎尾科技大學,國立虎尾科技大學,,,公立,0,[2]技職,1,雲林縣,中部,1,87.17,88.95,91.69,89.63,95.44,93.54,94.24,94.38,,,25.24,24.84,24.69,24.83,25.35,25.91,25.05,26.11,11.05,10.76,13.24,13.46,14.95,16.8,16.89,8304,8270,8354,8443,8608,8829,8912,9075,140243,-46054,-39583,-10179,69499,42134,-182900
42,,國立澎湖科技大學,國立澎湖科技大學,,,公立,0,[2]技職,1,澎湖縣,離島,4,87.24,84.48,84.23,87.28,78.06,76.67,71.34,65.53,,,21.59,22.48,22.56,21.31,21.39,20.67,17.84,16.21,2.6,2.55,3.33,3.09,2.72,2.88,2.97,2655,2685,2705,2673,2670,2552,2338,2065,31367,88741,6743,-36114,83558,187394,8129
43,,國立勤益科技大學,國立勤益科技大學,,,公立,0,[2]技職,1,臺中市,中部,1,89.66,92.71,94.18,93.64,96.71,91.95,93.41,87.02,,,25.95,25.51,23.91,23.46,24.26,22.75,23.7,23.65,8.24,9.69,10.27,9.61,12.07,12.75,12.49,7292,7322,7316,7342,7618,7735,7988,8229,-15857,230713,-192906,24136,74943,-229829,118616
46,,國立臺北護理健康大學,國立臺北護理健康大學,,,公立,0,[2]技職,1,臺北市,北部,0,96.84,96.23,96.1,96.65,95.72,94.78,95.8,92.29,,,23.95,23.03,22.11,21.36,20.85,20.68,20.68,19.03,5.29,8.44,6.87,10.18,11.92,8.35,7.89,4168,4330,4311,4421,4421,4384,4385,4377,119624,69601,-22846,110552,-241054,183825,153171
47,,國立高雄餐旅大學,國立高雄餐旅大學,,,公立,0,[2]技職,1,高雄市,南部,2,92.73,94.61,90.33,87.83,89.09,86.32,81.01,78.78,,,24.85,22.93,22.51,21.9,21.68,21.81,21.34,20.45,12,11.59,6.77,6.26,6.65,6.4,6.75,3449,3447,3396,3343,3306,3195,3057,2941,150594,14481,-77138,-15070,37051,36106,20672
50,,國立臺中科技大學,國立臺中科技大學,,,公立,0,[2]技職,1,臺中市,中部,1,96.22,96.34,95.62,97.01,95.36,94.23,94.57,90.55,,,26.69,25.93,25.1,25.31,26.06,25.39,24.49,25.48,3.47,3.31,2.96,3.3,3.27,3.07,3.09,7227,7301,7189,7156,7200,7298,7391,7548,370816,-35116,-21273,-260940,125386,-297728,508966
51,,國立臺北商業大學,國立臺北商業大學,,,公立,0,[2]技職,1,臺北市,北部,0,96.92,97.9,97.93,100,97.34,96,92.28,90.54,,,24.92,24.68,24.72,23.5,23.37,22.49,21.24,21.53,2.8,4.24,4.58,3.6,3.68,3.06,3.63,3272,3383,3486,3442,3415,3350,3268,3268,512720,103816,35007,-137804,-854,-29087,35287
53,,國立高雄科技大學,國立高雄科技大學,,,公立,0,[2]技職,1,高雄市,南部,2,NaN,93.41,90.97,89.54,91.76,90.62,89.08,88.56,,,NaN,24.89,24.51,24.73,25.46,26.2,25.58,25.19,NaN,13.94,15.38,16.36,19.24,20.87,20.39,NaN,20863,20647,20630,21043,21115,21097,20907,NaN,-93011,698005,570846,548996,402819,-876936
144,,國立臺灣戲曲學院,國立臺灣戲曲學院,,,公立,0,[2]技職,1,臺北市,北部,0,98.61,97.99,98.64,97.92,91.78,90.97,84.72,73.47,,,16.32,16.23,18,17.06,15.4,16.65,13.92,11.51,9.1,7.34,5.36,4.45,4.67,4.72,4.02,555,568,576,546,539,516,501,449,48286,62694,79556,-82408,103838,167,82501
221,,國立臺南護理專科學校,國立臺南護理專科學校,,,公立,0,[2]技職,1,臺南市,南部,2,96.16,96.63,92.41,96.01,90.89,98.34,94.8,94.58,,,22.28,21.65,21.27,20.83,20.68,19.42,19.65,19.31,1.22,1.28,2.35,1.96,1.74,2.91,2.75,97,110,117,115,99,77,67,43,38240,29485,35487,24965,-16711,-10441,-3864
222,,國立臺東專科學校,國立臺東專科學校,,,公立,0,[2]技職,1,臺東縣,東部,3,65.68,65.6,66.55,71.97,60.79,47.29,51.3,36.54,,,18.22,16.44,14.97,13.67,13.11,10.8,10.15,9.07,2.37,3.09,2.9,2.85,2.99,2.61,2.16,579,581,589,595,573,438,412,358,-69394,5572,36414,-111561,-57292,7016,30501
1001,私立大學,東海大學,東海大學,,,私立,1,[1]一般,0,臺中市,中部,1,89.06,90.18,92.03,92.98,94.08,81.29,94.08,93.17,,3006,28.4,27.13,26.02,25.84,26.53,25.57,27.61,27.69,7.74,8.07,7.34,6.89,7.64,9.02,12.21,15136,14756,14491,14498,14700,14215,14579,14563,145273,113019,-653964,-289276,55713,-201138,347334
1002,,輔仁大學,輔仁大學,,,私立,1,[1]一般,0,新北市,北部,0,91.19,91.13,92.19,91.78,94.43,87.3,89.15,94.76,,4080,29.83,27.69,27.61,27.49,27.56,28.29,28.43,28.83,28.35,32.08,33.3,34.16,33.12,32.33,33.31,20734,20266,19965,19959,20147,20339,20415,20496,-1140228,-4273,82058,109250,514297,-27191,636316
1003,,東吳大學,東吳大學,,,私立,1,[1]一般,0,臺北市,北部,0,93.45,92.74,95.17,94.23,93.76,87.2,91.31,94.94,,2759,31.35,30.36,29.96,30.63,30.85,31.07,32.12,32.63,7.81,8.16,6.97,8.11,7.86,7.36,11.29,13576,13419,13184,13172,13295,13234,13329,13247,137656,-183954,-167092,-76205,79932,134391,477936
1004,,中原大學,中原大學,,,私立,1,[1]一般,0,桃園市,北部,0,93.42,93.5,94.96,96.82,99.15,97.36,97.58,97.4,,3006,32.25,30.89,31.18,31.46,31.31,31.09,30.85,30.07,7.24,6.76,5.54,5.82,5.48,5.32,8.58,15480,15320,15374,15510,15623,15702,15732,15576,51733,-3080,-257965,-93253,151173,143490,676205
1005,,淡江大學,淡江大學學校財團法人淡江大學,,,私立,1,[1]一般,0,新北市,北部,0,83.94,84.69,89.42,93.19,94.29,79.27,87.6,93.83,,4145,30.57,30.75,31.09,30.75,30.55,28.87,31,31.37,17.77,17.16,16.47,16.6,16.29,15.92,18.4,23204,22694,22357,22205,22665,21656,21236,21051,57486,79088,90050,275425,394194,2061,594864
1006,,中國文化大學,中國文化大學,,,私立,1,[1]一般,0,臺北市,北部,0,85.86,86.28,89.26,87.78,85.83,58.59,66.12,78.73,,3200,31.95,31.59,31.17,31.96,32.16,30.35,28.96,28.31,3.61,3.38,3.03,4.46,3.28,3.95,6.25,23484,22969,22565,22501,22290,20210,17987,16192,43624,-29632,74521,138216,46705,-14720,309691
1007,,逢甲大學,逢甲大學,,,私立,1,[1]一般,0,臺中市,中部,1,92.96,93.38,92.48,96.21,99.79,96.46,96.84,97.29,,3850,29.45,28.88,29.5,28.81,29.51,30.16,29.98,30.21,29.51,27.77,29.41,27.12,26.13,26.28,26.83,19111,18860,18674,19127,19385,19450,19490,19548,-1884128,501761,339528,123806,-7323,758423,933847
1008,,靜宜大學,靜宜大學,,,私立,1,[1]一般,0,臺中市,中部,1,92.89,93.38,93.24,95.18,94.35,79.3,81.12,94.09,,2103,32.59,31.5,30.21,30.53,31.66,31.59,31.86,32.23,4.12,3.63,5.41,5.17,5.82,5.6,9.38,11959,11781,11691,11694,11840,11372,10611,10184,57999,-76728,-428796,-137873,-1717,129396,253365
1009,,長庚大學,長庚大學,,,私立,1,[1]一般,0,桃園市,北部,0,84.97,84.36,88.34,92.03,94.73,94.52,95.15,92.5,,1197,11.73,11.69,11.43,11.61,11.39,11.69,11.43,11.56,1.11,1.25,1.19,1,1.51,1.27,2,6989,6853,6641,6630,6741,6804,6925,7062,659727,514622,84964,-343514,-856941,2539441,-2441033
1010,,元智大學,元智大學,,,私立,1,[1]一般,0,桃園市,北部,0,81.67,88.4,90,93.43,97.45,82.24,90.15,95.73,,1678,27.34,26.4,26.84,27.09,27.69,27.27,27.64,29.66,2.01,2.1,2.2,2.14,2.3,2.3,2.99,8449,8238,8078,8153,8196,8072,8238,8602,45429,-51543,47560,37916,47548,77680,162791
1011,,中華大學,中華大學學校財團法人中華大學,,,私立,1,[1]一般,0,新竹市,北部,0,68.03,81.08,77.41,69.64,76.27,64.92,54.59,67.26,,808,23.81,24.03,22.17,20.5,21.61,20.43,20.88,18.54,8.22,6.56,6.83,7.35,6.27,6.06,6.53,6072,5624,4922,4429,4474,3922,3445,3022,-57456,274290,-130812,27724,-6118,13786,-16096
1012,,大葉大學,大葉大學,,,私立,1,[1]一般,0,彰化縣,中部,1,63.94,72.68,76.88,75.64,69.91,58.07,47.87,56.35,,1016,28.06,28.1,26.55,23.46,21.64,18.84,16.15,14.36,6.21,6.17,6.02,5.44,4.93,4.78,6.44,9429,8823,7858,6826,6145,5218,4167,3346,103951,74800,55477,31908,-61291,-71195,-45029
1013,,華梵大學,華梵大學,,,私立,1,[1]一般,0,新北市,北部,0,32.43,56.18,64.11,73.76,74.03,72.02,77.92,73.61,,235,20.04,18.12,16.48,13.07,13.04,11.87,11.82,13.55,1.77,1.55,1.57,3.07,2.1,3.04,3.09,2184,1721,1351,993,900,807,792,840,-52483,-80301,25577,-31937,-54185,-110829,106625
1014,,義守大學,義守大學,,,私立,1,[1]一般,0,高雄市,南部,2,81.28,87.56,89.45,86.49,83.9,64.97,71.27,80.71,,2126,27.75,26.09,23.89,23.43,23.64,23.09,22.29,22.61,7.74,7.76,7.4,6.75,6.8,6.38,9.76,13432,13095,12780,12627,12576,11707,10675,9948,150073,306572,66368,83554,-42031,38488,529410
1015,,世新大學,世新大學,,,私立,1,[1]一般,0,臺北市,北部,0,90.44,93.9,94.5,92.95,97.72,83.83,95.48,96.09,,2131,32.45,30.89,30.71,29.26,30.32,30.14,32.45,32.32,3.33,3.42,1.98,3.06,2.8,2.14,4.47,10579,10380,10195,10096,10186,9644,9704,9793,-5089,16332,83152,100015,-68277,111980,182648
1016,,銘傳大學,銘傳大學,,,私立,1,[1]一般,0,臺北市,北部,0,93.13,92.17,92.01,93.73,94.74,83.16,86.36,94.74,,3432,31.1,31.67,31.66,31.47,32.77,31.49,31.81,31.61,3.73,3.04,2.95,4.31,3.51,3.75,8.34,18320,18147,17985,17842,18189,17511,16796,16629,122816,126282,27703,259228,179606,169787,584020
1017,,實踐大學,實踐大學,,,私立,1,[1]一般,0,臺北市,北部,0,80.09,89.48,89.76,90.66,82.53,67.97,67.66,77.35,,2596,30.55,31.44,31.84,32.78,33.94,32.33,31.24,31.73,9.02,7.48,7.47,7.22,7.53,8.01,9.59,12158,11663,11302,11114,10997,10280,9466,9201,213274,114166,4283,-58456,164167,191853,383164
1019,,高雄醫學大學,高雄醫學大學,,,私立,1,[1]一般,0,高雄市,南部,2,89.1,88.26,88.78,91.1,92.18,93.06,90.3,90.68,,1280,11.86,11.71,11.2,11.51,11.81,11.89,12.17,12.61,4.12,2.5,2.58,2.05,2.53,1.86,2.41,6606,6532,6249,6263,6320,6288,6400,6456,822904,238005,-330098,-279975,135948,-145095,283951
1020,,南華大學,南華大學,,,私立,1,[1]一般,0,嘉義縣,南部,2,87.15,94.39,95.43,97.23,96.55,90.43,91.51,88.88,,968,22.62,25.52,24.1,25.95,24.64,23.29,23.64,22.9,3.91,4.34,2.74,2.76,2.68,2.77,5.54,4908,5181,4964,4982,4805,4495,4231,4054,38414,32988,15401,105341,40430,-16198,192931
1021,,真理大學,真理大學,,,私立,1,[1]一般,0,新北市,北部,0,63.36,82.61,84.58,83.92,65.08,46.27,25.73,30.49,,1028,23.12,22.34,21.44,22.27,22.13,20.18,16.6,13.61,15.07,13.76,12.11,11.15,11.49,16.78,25.11,6473,5965,5466,5190,4979,4299,3270,2314,-8000,13440,-38172,867,41097,117170,92504
1022,,大同大學,大同大學,,,私立,1,[1]一般,0,臺北市,北部,0,85.25,88.43,85.92,85.32,90.06,72.93,89.42,92.13,,775,25.52,26.32,26.47,27.15,27.43,27.38,27.81,29.3,1.8,2.18,1.44,1.12,1.04,0.9,1.82,4210,4158,3970,3883,3840,3669,3476,3370,100814,86073,45483,104543,257162,434699,301501
1027,,慈濟大學,慈濟學校財團法人慈濟大學,,,私立,1,[1]一般,0,花蓮縣,東部,3,77.68,84.09,83.69,86.94,80.79,61.25,76.79,72.13,,860,13.64,14.19,14.19,14.09,14.35,12.93,11.8,14.08,2.3,1.99,1.57,1.17,1.48,1.67,2.61,3423,3405,3334,3354,3329,3038,2809,3887,25382,593835,183153,95107,212772,143780,407763
1028,,臺北醫學大學,臺北醫學大學,,,私立,1,[1]一般,0,臺北市,北部,0,92.67,93.96,94.77,96.22,97.64,95.97,93.65,94.66,,952,9.52,9.53,8.71,8.52,8.56,8.4,8.26,8.22,28.36,27.32,29.44,30.92,29.07,30.25,30.7,5852,5872,5659,5686,5823,5854,5842,5907,450461,-16845,-135641,158538,-131586,438924,-232122
1029,,中山醫學大學,中山醫學大學,,,私立,1,[1]一般,0,臺中市,中部,1,89.27,89.37,91.26,90.84,94.97,83.27,93.41,93.19,,1497,17.37,16.46,16.28,16.21,16.5,16.71,16.83,16.81,34.76,35.48,32.96,32.64,28.52,25.3,23.05,6930,6782,6595,6547,6765,6701,6818,6893,12618,58475,-70243,57862,316164,-16121,232888
1033,,長榮大學,長榮大學,,,私立,1,[1]一般,0,臺南市,南部,2,66.36,78.98,89.66,82.77,71.22,53.35,56.8,69.3,,1264,25.86,25.83,24.73,24.12,23.49,21.42,19.77,17.09,4.49,3.57,3.55,3.69,4.31,3.75,9.34,9050,8626,7938,7741,7422,6427,5377,4495,32159,-31159,-76745,-62313,-102912,-189710,76600
1035,,中國醫藥大學,中國醫藥大學,,,私立,1,[1]一般,0,臺中市,中部,1,89.55,91.65,91.18,93.31,92.57,94.22,92.18,94.37,,1298,15.14,14.77,13.97,13.64,13.82,14.18,14.06,14.61,4.79,5.42,5.31,4.86,5.16,3.92,3.36,7328,7313,7109,7108,7157,7217,7268,7407,140194,-120142,141263,-38078,418443,-188691,82756
1039,,玄奘大學,玄奘大學,,,私立,1,[1]一般,0,新竹市,北部,0,47.95,54.58,65.96,80.75,72.34,61.77,48.6,58.48,,314,26.25,28.41,24.19,19.77,17.54,16.37,13.66,11.58,4.19,3.24,2.94,3.33,2.65,4.02,5.64,3701,3154,2588,2194,1877,1637,1366,1158,47432,-1711,-3861,15024,-24225,-98033,11512
1048,,亞洲大學,亞洲大學,,,私立,1,[1]一般,0,臺中市,中部,1,90.63,93.23,94.27,90.86,91.34,79.22,90.2,90.93,,2286,26.75,27.1,25.86,26.11,26.7,26.72,27.59,26.64,20.2,13.67,5.33,5.39,4.8,6.23,6.05,10675,10408,10371,10260,10281,9940,9988,10098,-9792,193088,170738,348594,376984,328370,565228
1049,,開南大學,開南大學,,,私立,1,[1]一般,0,桃園市,北部,0,56.11,74.52,88.72,89.31,76.1,72.44,71.14,80.48,,797,22.93,23.82,21.42,21.27,21.11,20.57,17.99,22.37,11.28,10.13,3.07,3.33,3.13,2.7,4.59,5848,5359,4520,4254,3864,3477,2915,3289,73730,33606,-244822,40760,55079,15364,78226
1050,,佛光大學,佛光大學,,,私立,1,[1]一般,0,宜蘭縣,北部,0,79.9,82.35,86.85,84.87,78.85,71.21,64.88,65.45,,690,20.65,20.35,20.46,20.22,19.31,19.39,18.46,17.62,3.86,3.64,5.72,6.68,6.79,6.68,7.89,3635,3521,3396,3336,3129,2966,2658,2414,19153,-6304,99427,50543,185521,8624,100813
1079,,康寧大學,康寧學校財團法人康寧大學,,,私立,1,[1]一般,0,臺北市,北部,0,78.04,63.62,73.07,94.18,84.42,86.58,90.25,87.14,,53,24.61,29.24,25.85,25.43,25.87,27.12,28.61,29.84,3.85,1.84,2.18,1.3,2.37,1.25,2.84,1098,704,392,294,244,185,156,137,12352,-38565,-17009,-19534,95446,-32876,184092
1125,,中信金融管理學院,中信學校財團法人中信金融管理學院,,,私立,1,[1]一般,0,臺南市,南部,2,100,100,100,94.2,100,85.76,93.08,93.37,,220,12.71,13.77,14.08,14.47,13.36,15.49,16.3,15.78,9.41,8.72,5.29,4.25,4.94,4.42,4.79,483,661,718,796,882,883,913,868,-20602,-15145,-49697,6091,-8440,48559,-52152
1195,,馬偕醫學院,馬偕學校財團法人馬偕醫學院,,,私立,1,[1]一般,0,新北市,北部,0,90.34,89.36,81.91,92.94,87.18,76.67,93.87,90.17,,250,6.47,5.66,5.39,6,6.12,5.98,6.13,6.54,2.15,2,2.1,1.86,1.57,1.99,2.75,666,708,684,762,795,777,822,896,122440,311865,34783,126293,132911,126302,176716
1196,,法鼓文理學院,法鼓學校財團法人法鼓文理學院,,,私立,1,[1]一般,0,新北市,北部,0,72.92,68.52,80.19,68.27,77.98,80.95,89.74,89.74,,10,13.35,12.17,11.73,12.58,13.16,15.36,12.96,13.46,3.38,3.66,2.94,3.08,3.34,4.03,7.3,267,280,305,302,329,338,324,323,11490,24248,6217,13202,20839,30391,33580
1018,私立技專,朝陽科技大學,朝陽科技大學,,,私立,1,[2]技職,1,臺中市,中部,1,87.61,90.59,92,89.07,88.87,90.23,90.93,94.67,,,30.68,30.41,30.81,31.11,31.72,30.5,30.14,30.75,5.85,5.59,6.09,6.82,6.53,5.57,8.97,12212,12194,12108,12227,12245,11895,11814,11991,284395,92651,-98556,254124,273715,230494,170912
1023,,南臺科技大學,南臺學校財團法人南臺科技大學,,,私立,1,[2]技職,1,臺南市,南部,2,77.4,84.94,89.44,78.75,82.3,76.56,78.81,82.4,,,25.22,25.07,25.96,25.1,26.14,25.35,25.03,25.76,4.45,4.54,3.54,4.76,5.05,2.31,6.47,14150,13821,13789,13530,13249,12538,11740,11567,-75985,81806,65043,277653,283397,57798,478262
1024,,崑山科技大學,崑山科技大學,,,私立,1,[2]技職,1,臺南市,南部,2,69.79,70.14,70.29,63.62,77.74,73.31,66.12,73,,,23.81,24.36,24.54,24.12,24.69,24.73,23.57,24.72,12.3,12.62,12.05,12.95,13.03,12.03,14.76,8500,8184,7974,7406,7136,6702,6105,6081,51245,64156,15863,174786,74445,-137961,168471
1025,,嘉南藥理大學,嘉藥學校財團法人嘉南藥理大學,,,私立,1,[2]技職,1,臺南市,南部,2,64.9,62.38,76.67,78.31,73.05,59.47,63.53,68.23,,,26.82,24.94,24.34,25.33,26.74,25.68,24.52,24.16,9.12,9.47,8.18,7.31,6.89,6.7,7.55,12497,11322,10438,9700,9278,8592,7442,6840,-102125,-49295,68179,266149,161698,77772,340456
1026,,樹德科技大學,樹德科技大學,,,私立,1,[2]技職,1,高雄市,南部,2,83.68,90.96,87.12,71.47,71.1,65.98,71.6,75.04,,,30.19,29.37,29.35,29.03,30.04,25.93,23.95,23.82,8.19,7.86,8.3,7.33,7.82,7.56,11.34,8303,8165,7955,7721,7631,6898,6298,5943,28141,49377,104229,37395,95819,-91873,106013
1030,,龍華科技大學,龍華科技大學,,,私立,1,[2]技職,1,桃園市,北部,0,90.6,94.39,94.46,93.09,95.43,86.44,91.62,90.81,,,28.69,29.4,30.76,29.62,31.83,31.13,31.71,35.19,3.81,5.77,5.54,5.53,5.43,5.76,7.55,6807,7075,7138,7265,7980,7924,7603,8227,55996,104672,214627,291136,299997,235846,352743
1031,,輔英科技大學,輔英科技大學,,,私立,1,[2]技職,1,高雄市,南部,2,88.55,91.24,91.38,90.83,86.19,74.07,73.38,74.11,,,24.69,24.62,26.86,25.22,25.47,25.09,24.65,25.13,5.34,4.82,4.52,4.51,4.86,4.3,6.35,5422,5381,5371,5318,5417,4999,4481,4277,60755,36040,82032,118690,172562,72850,207347
1032,,明新科技大學,明新學校財團法人明新科技大學,,,私立,1,[2]技職,1,新竹縣,北部,0,69.49,81.62,81.91,70.95,75.4,76.98,76.81,76.44,,,23.25,23.73,24.8,24.26,24.41,23.25,22.2,23.95,13.85,13.76,12.29,11.02,10.34,12.79,16.23,8511,8615,8408,7714,7422,6928,6482,6658,-4288,9355,-14170,72801,49494,-11112,-72662
1034,,弘光科技大學,弘光科技大學,,,私立,1,[2]技職,1,臺中市,中部,1,91.81,93.53,92.81,93.05,92.54,87.02,85.41,84.56,,,27.06,24.25,26.17,25.24,25.36,25.1,24.95,25.16,9.96,9.62,10.47,11.42,11.21,8.49,14.77,8313,8271,8198,8120,8160,7892,7667,7562,104559,-492305,-1641,68,74266,10539,360456
1036,,健行科技大學,健行學校財團法人健行科技大學,,,私立,1,[2]技職,1,桃園市,北部,0,78.42,88.74,85.27,78.33,81.28,68.73,75,73.43,,,24.59,26.58,26.85,25.1,25.94,23.19,22.75,23.08,3.78,3.54,3.59,3.2,3.07,2.79,6.24,7278,7524,7277,6953,6900,6262,5846,5424,-119334,62508,104897,131368,163757,80704,140194
1037,,正修科技大學,正修學校財團法人正修科技大學,,,私立,1,[2]技職,1,高雄市,南部,2,87.56,93.44,88.43,82.49,79.03,77.74,72.86,76.35,,,22.37,22.62,21.5,21.86,23.31,21.75,20.85,22.6,4.92,4.33,4.76,5.13,5.4,5.26,8.92,9620,9320,9093,8872,9072,8492,7919,7827,31635,35387,101487,111100,-401602,390162,67155
1038,,萬能科技大學,萬能學校財團法人萬能科技大學,,,私立,1,[2]技職,1,桃園市,北部,0,86.42,85.71,78.58,66.72,71.25,74.11,75.1,81.88,,,26.15,28.13,25.69,25.93,25.33,24.15,24.32,26.97,7.85,6.87,6.58,5.72,4.95,3.85,5.76,6276,6414,6294,6250,5927,5459,5155,5393,-52597,69995,63878,74650,84642,7583,97761
1040,,建國科技大學,建國科技大學,,,私立,1,[2]技職,1,彰化縣,中部,1,60.17,71.91,72.43,55.57,60.57,67.35,55.2,57.37,,,22.27,21.75,20.58,19.32,19.11,15.93,14.29,15.39,8.71,7.61,5.96,14.68,15.02,12.13,8.74,5745,5373,4858,4154,3669,2820,2215,2109,-41744,-73966,20423,223031,6373,-163669,39114
1041,,明志科技大學,明志科技大學,,,私立,1,[2]技職,1,新北市,北部,0,84.28,90.69,91.13,93.24,97.08,96.12,100,98.48,,,20.62,21.04,21.12,20.59,20.78,20.02,19.96,20.73,0.71,1.02,0.84,0.95,1.08,1.18,1.8,4041,4040,4055,4097,4135,4124,4191,4292,853285,387259,1172473,-210964,99751,1607759,-1416033
1042,,台鋼科技大學,台鋼學校財團法人台鋼科技大學,,,私立,1,[2]技職,1,高雄市,南部,2,51.16,47.48,60.41,60.41,60.48,24.51,15.7,63.4,,,16.3,14.07,12.58,10.42,10.7,8.31,6.45,10.54,3.77,3.25,2.87,3.2,6.03,1.37,2.93,3960,3165,2402,1876,1723,1222,721,833,-85039,-163162,-178583,-118674,-68450,41088,61615
1043,,大仁科技大學,大仁科技大學,,,私立,1,[2]技職,1,屏東縣,南部,2,73.5,71.8,72.47,66.78,72.86,75.28,69.77,74.66,,,19.39,22.3,20.9,21.28,21.11,20.08,19.5,19.1,7.34,5.82,5.54,5.92,5.72,6.6,10.03,4654,4304,3867,3469,3188,2851,2398,2263,20788,5157,8383,40579,27747,43077,26224
1044,,聖約翰科技大學,聖約翰科技大學,,,私立,1,[2]技職,1,新北市,北部,0,62.74,63.86,43.65,40.05,40.46,35.31,65.03,62.43,,,20.43,19.69,15.43,14.07,10.73,9.54,6.98,5.49,3.97,4.92,4.92,3.77,2.99,2.68,3.31,3482,3119,2222,1577,1108,665,366,265,-87893,-94188,-142300,-107429,-29017,65472,-52673
1045,,嶺東科技大學,嶺東科技大學,,,私立,1,[2]技職,1,臺中市,中部,1,92.33,95.23,95.62,91.35,91.03,85.07,81.27,83.36,,,29.22,29,28.02,27.78,27.78,26.57,26.23,26.75,8.39,7.42,6.82,7.41,5.51,2.45,5.52,7567,7511,7565,7556,7445,6829,6190,5993,74,17544,157780,223250,422776,-146643,294352
1046,,中國科技大學,中國科技大學,,,私立,1,[2]技職,1,臺北市,北部,0,71,75.25,82.47,71.28,72.58,60.13,56.5,63.98,,,29.16,28.14,28.27,27.3,27.65,26.93,22.99,21.31,4.89,5.11,5.07,5.17,5.2,4.41,6.23,8866,8133,7406,6525,6248,5601,4620,4220,134662,139924,144863,135181,150461,-513259,-34051
1047,,中臺科技大學,中臺科技大學,,,私立,1,[2]技職,1,臺中市,中部,1,78.65,82.21,83.37,75.89,76.72,65.69,70.97,74.18,,,22.37,22.25,21.52,22.75,22.01,20.22,19.29,19.23,5.72,5.18,4.28,3.74,3.95,6.5,7.67,6018,5764,5573,5324,5062,4468,3973,3900,138987,17786,48008,66163,65913,87407,81357
1051,,台南應用科技大學,台南家專學校財團法人台南應用科技大學,,,私立,1,[2]技職,1,臺南市,南部,2,83.1,88.65,90.11,84.87,76.72,65.48,69.47,73.5,,,30.37,29.82,29.52,29.03,27.98,26.87,26.41,26.56,3.98,3.88,3.82,3.5,3.22,3.28,6.02,8902,8726,8631,8490,8254,7588,7018,6780,280257,224202,150547,88980,23555,106317,250964
1052,,中信科技大學,中信金學校財團法人中信科技大學,,,私立,1,[2]技職,1,臺南市,南部,2,56.34,64.81,62.02,52.65,50.14,53.84,47.55,72.38,,,23.77,22.82,20.07,19.08,16.96,14.15,13.65,12.54,8.25,8.78,6.84,6.58,7.02,4.91,10.03,5514,4769,3993,3416,2714,2024,1433,1141,19406,-23720,5269,566,-51551,-132673,62738
1053,,元培醫事科技大學,光宇學校財團法人元培醫事科技大學,,,私立,1,[2]技職,1,新竹市,北部,0,73.64,76.94,80.94,79.56,75.75,63.22,50.44,54.71,,,23.48,23.47,21.94,22.1,22.91,19.67,16.4,17.55,5.62,4.27,3.17,3.83,3.82,3.31,5.75,5095,4717,4301,4044,3871,3384,2804,2580,10770,-56310,13642,77476,44962,-32918,37215
1054,,景文科技大學,景文科技大學,,,私立,1,[2]技職,1,新北市,北部,0,77.13,76.94,76.7,62.6,62.18,70.22,74.95,76.33,,,26.95,27.69,27.51,29.99,28.22,27.86,26.21,27.46,6.11,5.54,4.83,5.47,5.4,6.1,7.33,5389,5234,5117,5099,4685,4235,3617,3405,49004,59842,75639,129488,52324,-5559,110221
1055,,中華醫事科技大學,中華醫事科技大學,,,私立,1,[2]技職,1,臺南市,南部,2,74.26,77.19,73.46,77.17,77.46,76.22,71.1,71.05,,,26.26,28.52,27.61,27.42,28.4,25.4,24.78,24.87,5.75,4.76,4.47,5.18,5.45,3.73,7.68,4999,4823,4480,4193,3981,3419,2995,2669,98052,83215,132213,219047,137047,13197,188408
1056,,東南科技大學,東南科技大學,,,私立,1,[2]技職,1,新北市,北部,0,66.6,81.95,76.04,60.27,60.14,62.06,56.81,67.8,,,27.31,27.82,26.99,26.89,27.12,27.17,24.63,29.63,4.11,4.73,5.34,4.89,5.03,5.84,6.94,5735,5342,4886,4518,4177,3776,3104,3052,-34386,12236,50035,-13818,-32018,-251,25150
1057,,德明財經科技大學,德明財經科技大學,,,私立,1,[2]技職,1,臺北市,北部,0,69.81,80.34,87.14,71.51,79.67,65.54,60.86,70.91,,,30.94,32.11,30.9,30.23,30.47,28.25,26.13,26.72,2.63,2.6,2.39,2.48,2.67,2.01,4.38,7272,7290,7076,6742,6733,5933,5121,4702,99708,342753,74095,198661,23616,69589,187422
1060,,南開科技大學,南開科技大學,,,私立,1,[2]技職,1,南投縣,中部,1,62.08,73.93,70.8,70.44,72.74,67.78,65.43,74.39,,,21.9,21.51,21.79,19.93,20.38,18.7,17.49,19.24,5.44,6.54,6.46,4.77,4.57,4.16,6.98,3342,3058,2576,2205,1867,1548,1378,1386,-32623,-34483,-34456,-25861,-65897,-86792,-14084
1061,,中華科技大學,中華學校財團法人中華科技大學,,,私立,1,[2]技職,1,臺北市,北部,0,64.96,70.72,72.64,60.34,57.18,57.88,63.48,65.99,,,23.19,22.19,23.18,22.89,21.57,20.33,16.57,15.49,9.74,8.88,5.67,4.66,3.35,5.04,6.6,5287,4571,3917,3479,3085,2562,1906,1551,-51802,29385,-19639,-6339,19396,-14753,80594
1062,,僑光科技大學,僑光科技大學,,,私立,1,[2]技職,1,臺中市,中部,1,94.48,96.4,95.72,90.75,82.85,72.55,81.23,84.55,,,29.46,29.38,28.41,27.12,26.96,25.36,25.48,26.55,2.86,3.04,2.52,2.25,2.32,1.96,4.56,6599,6581,6506,6292,5931,5325,4918,4858,254239,276638,278012,181775,192790,60494,138261
1063,,育達科技大學,廣亞學校財團法人育達科技大學,,,私立,1,[2]技職,1,苗栗縣,中部,1,59.48,78.49,80.25,75.28,72.06,71,64.92,76.36,,,22.44,23.9,21.64,20.25,19.79,19.08,16.17,25.46,3.28,3.01,2.52,2.62,2.56,1.89,4.72,2805,2629,2121,1863,1722,1412,1229,1706,-34644,13866,5034,-2395,2110,-60471,30904
1064,,美和科技大學,美和學校財團法人美和科技大學,,,私立,1,[2]技職,1,屏東縣,南部,2,71.67,69.66,65.19,63,65.77,68.52,75.67,70.53,,,24.72,24.12,22.9,21.56,20.82,20.56,20.33,17.77,7.11,6.22,5.77,5.63,4.76,4.86,9.64,3792,3532,3180,2696,2361,2034,1629,1496,50617,23079,29734,25290,15414,42883,113757
1065,,吳鳳科技大學,吳鳳科技大學,,,私立,1,[2]技職,1,嘉義縣,南部,2,62.32,73.24,76.22,63.91,61.4,51.11,64.16,70.81,,,22.75,22.56,22.91,22.73,22.55,20.6,18.97,22.98,2.59,2.97,2.86,3.86,4.27,3.17,7.08,3685,3452,3319,3228,3090,2698,2258,2436,27619,21530,32047,49395,93748,-8000,152426
1069,,修平科技大學,修平學校財團法人修平科技大學,,,私立,1,[2]技職,1,臺中市,中部,1,52.88,76.47,84.8,80.6,65.23,57.45,57.89,66.06,,,21.72,20.56,18.04,17.43,18.3,17.39,16.47,16.33,7.31,7.53,5.22,6.98,6.13,4.93,7.04,4387,3803,3302,3032,2910,2556,2224,2041,-34673,-61010,-68227,-2878,-13737,20552,13357
1070,,長庚科技大學,長庚學校財團法人長庚科技大學,,,私立,1,[2]技職,1,桃園市,北部,0,98.21,98.15,97.84,98.61,97.99,98.1,98.01,98.58,,,15.25,15.85,19.07,15.77,15.59,15.29,15.04,14.79,0.9,0.87,0.78,0.83,0.83,1.08,1.75,4688,4943,5029,5024,5050,4907,4814,4734,451575,543735,-21006,15025,227237,635395,-573933
1071,,臺北城市科技大學,城市學校財團法人臺北城市科技大學,,,私立,1,[2]技職,1,臺北市,北部,0,79.2,79.62,83.34,79.67,77.74,70.77,71.38,73.59,,,35.94,34.95,34.2,33.04,32.54,33.4,34.39,39.83,14.47,13.65,13.43,13.15,12.9,12.99,14.78,7379,7245,7288,7104,6908,6611,6132,6737,199244,193155,234052,215166,-89492,150832,504519
1072,,敏實科技大學,大華學校財團法人敏實科技大學,,,私立,1,[2]技職,1,新竹縣,北部,0,60.18,60.17,64.14,68.6,69.57,69.06,61.14,79.5,,,14.94,14.63,17.7,13.85,13.68,14.9,18.13,25,14.1,15.47,2.22,1.83,1.56,1.16,3.19,822,638,406,296,262,348,479,795,14753,70589,-14351,4145,5828,5454,-26950
1073,,醒吾科技大學,醒吾學校財團法人醒吾科技大學,,,私立,1,[2]技職,1,新北市,北部,0,74.29,79.78,65.71,73.32,70.26,62.59,65.64,64.84,,,28.74,30.16,27.93,28.69,30.1,28.96,27.79,27.42,3.69,3.94,3.69,3.85,4.48,7.9,11.23,5948,5860,5725,5700,5838,5320,5003,4683,1037,-15892,-95203,6368,88986,79518,136298
1075,,文藻外語大學,文藻學校財團法人文藻外語大學,,,私立,1,[2]技職,1,高雄市,南部,2,92.8,92.1,91.81,81.97,80.58,72.48,72.69,86.64,,,27.38,27.74,27.24,26.62,25.8,25.27,25.11,24.66,6.13,6.13,5.92,6.66,7.54,6.42,10.03,5665,5727,5635,5501,5269,4810,4308,4015,-14360,-4606,18139,9908,54448,-67376,189245
1076,,華夏科技大學,華夏學校財團法人華夏科技大學,,,私立,1,[2]技職,1,新北市,北部,0,65.14,66.63,62.38,70.11,49.41,42.39,NaN,NaN,,,21.43,20.1,18.01,18.87,17.72,15.52,15.26,17.12,4.75,4.42,9.68,9.65,9.69,8.86,9.67,2834,2312,1880,1588,1391,1128,643,343,25330,-23179,17261,-6951,-125632,-50835,-36335
1078,,致理科技大學,致理學校財團法人致理科技大學,,,私立,1,[2]技職,1,新北市,北部,0,95.13,96.58,97.55,97.81,94.33,90.74,96.28,99.5,,,30.59,30.09,29.81,31.08,30.6,31.11,30.46,31.12,4.95,5.81,6.5,7.08,8.28,7.5,9.21,6702,6632,6530,6657,6706,6698,6514,6631,70318,-6614,-119062,140653,5971,-57936,140764
1080,,宏國德霖科技大學,宏國學校財團法人宏國德霖科技大學,,,私立,1,[2]技職,1,新北市,北部,0,62.95,69.63,66.68,64.51,60.37,56.15,56.05,75.25,,,22.14,21.6,20.26,19.01,19.04,18.19,16.68,21.45,2.79,2.46,2.5,2.49,2.8,2.51,4.07,2938,2685,2320,2149,2033,1840,1448,1800,56383,20216,20330,-393655,-120899,-59629,61413
1082,,崇右影藝科技大學,崇右學校財團法人崇右影藝科技大學,,,私立,1,[2]技職,1,基隆市,北部,0,55.47,51.89,68.2,77.18,92.23,87.58,93.92,87.77,,,27.12,24.64,23.69,23.55,26.92,27.16,21.2,21.42,7.02,4.12,2.5,3.3,6,5.02,14.6,2365,2260,1930,1730,1636,1358,1145,1114,-18931,-67277,-52303,17668,22557,-45923,14054
1083,,台北海洋科技大學,台北海洋學校財團法人台北海洋科技大學,,,私立,1,[2]技職,1,新北市,北部,0,63.96,60.2,64.62,59.46,70.78,71.01,70.14,71.46,,,31.01,31.31,28.7,24.55,24.71,22.72,21.7,21.92,12.71,9.57,6.69,6.66,6.58,6.92,9.7,3786,3450,3017,2665,2615,2437,2263,2053,6078,-31786,-68340,-79315,-26236,635,6224
1084,,亞東科技大學,亞東科技大學,,,私立,1,[2]技職,1,新北市,北部,0,NaN,NaN,NaN,NaN,77.96,71.25,88.23,91.82,,,NaN,NaN,NaN,NaN,28.5,27.93,28.97,28.73,NaN,NaN,NaN,NaN,0.74,1,1.43,NaN,NaN,NaN,NaN,4076,3770,3708,3821,NaN,NaN,NaN,NaN,175243,-496548,202356
1148,,大漢技術學院,大漢技術學院,,,私立,1,[2]技職,1,花蓮縣,東部,3,66.45,69.43,78.48,87.8,80.25,70.79,51.66,NaN,,,9.77,8.41,8.76,8.62,8.61,8.38,7.08,5.59,1.42,1.85,1.82,2.01,2.57,1.87,5.52,469,412,359,336,284,218,170,95,-22701,-21718,-25238,-8175,-15880,-39242,-10820
1168,,南亞技術學院,南亞科技學校財團法人南亞技術學院,,,私立,1,[2]技職,1,桃園市,北部,0,51.59,63.51,70.88,63.58,62.82,70.42,71.07,74.62,,,17.94,18.56,17.7,17.45,17.41,17.69,15.52,13.68,3.79,3.34,3.97,3.19,3.14,2,5.36,2215,1789,1421,1325,1179,1071,854,739,-69097,-22738,13000,12258,5141,14057,36607
1183,,黎明技術學院,黎明技術學院,,,私立,1,[2]技職,1,新北市,北部,0,69.65,72.17,77.63,72.43,73.58,74.55,71.52,70.52,,,23.9,24.74,24.9,23.34,25.35,25.14,24.28,26.51,9.84,7.17,8.28,7.02,8.39,8.24,15.16,2985,3326,3421,3498,3550,3393,3113,3277,32754,-20547,45580,46025,55482,30316,68978
1185,,德育護理健康學院,德育學校財團法人德育護理健康學院,,,私立,1,[2]技職,1,基隆市,北部,0,73.06,74.99,66.52,61.3,65.01,56.63,72.02,64.93,,,24.45,24.04,24.01,22.83,20.99,19.78,21.35,20.77,10.65,10.08,9.03,9.47,6.8,6.93,9.93,1983,2085,2231,2086,1864,1612,1537,1389,-22477,-2060,-57877,-10598,-25343,6149,77044
1282,,馬偕醫護管理專科學校,馬偕學校財團法人馬偕醫護管理專科學校,,,私立,1,[2]技職,1,臺北市,北部,0,97.26,92.35,91.05,95.61,97.78,96.72,96.28,96.54,,,28.91,29.01,28.23,26.79,26.21,26.35,25.87,26.97,11.56,10.2,9.14,8.01,6.49,5.35,5.93,19,42,54,32,1,NaN,NaN,NaN,82577,4713,-54174,46989,18285,110663,187647
1283,,仁德醫護管理專科學校,仁德醫護管理專科學校,,,私立,1,[2]技職,1,苗栗縣,中部,1,89.39,85.92,88.19,97.17,87.39,85.34,81.89,72.71,,,31.04,30.06,29.19,28.45,27.77,27.27,25.42,24.31,7.1,5.07,4.44,3.94,4.55,4.11,6.69,NaN,NaN,NaN,NaN,NaN,NaN,NaN,NaN,68590,95801,104175,102794,79476,5728,142924
1284,,樹人醫護管理專科學校,樹人醫護管理專科學校,,,私立,1,[2]技職,1,高雄市,南部,2,96.32,99.47,99.18,98.82,97.36,95.48,97.24,99.06,,,31.32,29.55,30.5,30.03,30.51,30.17,30.24,30.73,5.4,4.36,5.44,5.37,5.26,4.65,6.3,NaN,NaN,NaN,NaN,NaN,NaN,NaN,NaN,67541,62110,50658,106069,107575,-52298,98045
1285,,慈惠醫護管理專科學校,慈惠醫護管理專科學校,,,私立,1,[2]技職,1,屏東縣,南部,2,61.07,68.62,60.66,58.35,61.04,51.51,51.62,66.74,,,31.07,31.4,28.22,26.51,24.17,21.21,19.03,18.56,6.08,4.97,4.18,4.15,4.77,3.75,6.63,127,96,103,97,89,84,60,53,45131,49874,32153,31141,20994,-27028,14227
1286,,耕莘健康管理專科學校,耕莘健康管理專科學校,,,私立,1,[2]技職,1,新北市,北部,0,93.42,86.8,83.64,92.17,91.55,90.77,93.84,82.51,,,28.49,28.99,28.36,27.89,25.73,26.39,26.27,27.35,21.27,19.02,16.08,14.64,12.33,10.67,9.54,NaN,NaN,NaN,NaN,NaN,NaN,NaN,NaN,47502,30060,-6378,4976,-5998,43675,65561
1287,,敏惠醫護管理專科學校,敏惠醫護管理專科學校,,,私立,1,[2]技職,1,臺南市,南部,2,85.79,86.89,84.92,91.58,87.21,76.18,81.14,61.37,,,31.11,31.2,32.53,30.49,31.74,32.68,31.41,32.09,11.84,9.43,11.1,9.54,9.46,8.61,10.04,NaN,NaN,NaN,NaN,NaN,NaN,NaN,NaN,30422,22985,62341,34956,28763,69431,61838
1289,,育英醫護管理專科學校,育英醫護管理專科學校,,,私立,1,[2]技職,1,高雄市,南部,2,97.39,90.54,93.11,100,94.89,93.51,98.65,75.41,,,27.73,28.76,28.93,28.44,28.28,28.22,27.36,26.63,5.9,5.55,5.19,5.22,3.96,3.51,4.16,NaN,NaN,NaN,NaN,NaN,NaN,NaN,NaN,13275,24358,25045,8602,8829,23949,39377
1291,,聖母醫護管理專科學校,聖母醫護管理專科學校,,,私立,1,[2]技職,1,宜蘭縣,北部,0,66.87,66.52,69.03,72.2,77.02,63.93,67.34,60.93,,,28.42,29.54,27.34,24.6,21.42,20.68,20.11,18.24,10.33,8.02,6.48,5.02,3.79,3.24,4.97,NaN,NaN,22,39,34,15,2,NaN,-22807,-325,8576,-4412,-16612,-25065,-7080
1292,,新生醫護管理專科學校,新生醫護管理專科學校,,,私立,1,[2]技職,1,桃園市,北部,0,97.46,93.66,90.54,97.87,97.24,96.39,100,95.68,,,28,28.54,27.32,28.06,28.77,28.3,26.45,26.36,11.81,9.23,7.95,8.16,5.74,4.52,6.32,NaN,NaN,NaN,NaN,NaN,NaN,NaN,NaN,29352,25104,78707,105992,71299,75506,122667
1293,,崇仁醫護管理專科學校,崇仁醫護管理專科學校,,,私立,1,[2]技職,1,嘉義縣,南部,2,NaN,87.19,89.39,87.23,87.46,82.86,88.57,85.57,,,NaN,26.29,26.43,26.56,26.74,26.08,25.57,26.88,NaN,3.97,2.31,2.96,3.14,3.36,4.4,NaN,NaN,NaN,NaN,NaN,NaN,NaN,NaN,NaN,60919,18972,24953,46260,38763,73645
